jurisdiction_id,name,country,tier,parent_id,in_v1,open_data_portal_url,catalog_type,licence_notes,dig_status,priority_band,mcs_gap_row,notes
niagara_region,Niagara Region,CA,region,,yes,https://open.niagararegion.ca ; discovery via https://niagaraopendata.ca (CKAN),arcgis,Open Government Licence 2.0 (Niagara Region),pass1_done,P0,niagara_municipal_boundaries,"99 datasets. Consolidated NEI (98,065 business points, all 12 munis), Strategic Locations for Investment, Urban Area Boundaries, NES/Natural Heritage series, Address Points, Municipal Boundaries. Two distinct portals: niagaraopendata.ca is CKAN (discovery), open.niagararegion.ca is the ArcGIS Hub (download) -- no DCAT feed on the Hub itself. Baseline: DATA-SOURCES.md, RECON-2026-08-22.md."
fort_erie,Town of Fort Erie,CA,lower-tier,niagara_region,yes,https://niagaraopendata.ca (org: town-of-fort-erie),ckan,Mostly CC-BY 4.0 / OGL 2.0 (Fort Erie),pass1_done,P1,,"20 datasets, nothing industrial -- recreational and survey holdings only. NEI 2022: 844 businesses. Baseline: RECON-2026-08-22.md."
grimsby,Town of Grimsby,CA,lower-tier,niagara_region,yes,,none,,pass1_done,P1,,"No municipal GIS publishing presence found -- not in shared CKAN, no own ArcGIS Online org (searches return false positives from Grimsby, UK). NEI 2022: 512 businesses -- single-sourced. Re-check annually, do not re-probe per session (RECON-2026-08-22.md)."
lincoln,Town of Lincoln,CA,lower-tier,niagara_region,yes,https://niagaraopendata.ca (org: town-of-lincoln),static,OGL 2.0 (Lincoln),pass1_done,P1,,"12 datasets: Zoning Information + 2 CIP boundary sets, published SHP-only, no REST service -- needs conversion before ingest. NEI 2022: 604 businesses. Baseline: RECON-2026-08-22.md."
niagara_falls_on,City of Niagara Falls (ON),CA,lower-tier,niagara_region,yes,https://open.niagarafalls.ca ; ArcGIS org services9.arcgis.com/oMFQlUUrLd1Uh1bd,arcgis,Open Government Licence 2.0 (Niagara Falls),pass1_done,P0,,"Richest municipal publisher in the whole study area (329 datasets, more than Hamilton's 463 org but higher industrial density): 35,104 parcels, building footprints for BOTH 2010 and 2018 (differencing = physical change), 4 zoning by-laws, Official Plan Sched. A with precomputed AREA_SQM. Hub URL open.niagarafalls.ca confirmed live 2026-09-23 (prior recon only recorded the bare ArcGIS org endpoint). Publishes every dataset twice (local projection + WGS 1984 variant) -- ingest WGS 1984 only. Baseline: RECON-2026-08-22.md."
notl,Town of Niagara-on-the-Lake,CA,lower-tier,niagara_region,yes,https://niagaraopendata.ca (org: niagara-on-the-lake),ckan,unknown -- only 1 dataset registered,pass1_done,P1,,"Exactly one dataset in the shared catalogue -- treat as effectively absent. NEI 2022: 636 businesses, single-sourced. Baseline: RECON-2026-08-22.md."
pelham,Town of Pelham,CA,lower-tier,niagara_region,yes,,none,,pass1_done,P1,,"No presence -- not in shared catalogue, no own ArcGIS org (searches return Pelham, Massachusetts). NEI 2022: 372 businesses. Baseline: RECON-2026-08-22.md."
port_colborne,City of Port Colborne,CA,lower-tier,niagara_region,yes,,none,,pass1_done,P1,,"No presence -- no catalogue entry, no ArcGIS org. NEI 2022: 518 businesses. Baseline: RECON-2026-08-22.md."
st_catharines,City of St. Catharines,CA,lower-tier,niagara_region,yes,https://niagaraopendata.ca (org: city-of-st-catharines) ; ArcGIS org services6.arcgis.com/Yx1h0qHJ9wIpQWuU,arcgis,OGL 2.0 (Corporation of the City of St. Catharines),pass1_done,P0,,"Parcel-complete: Parcel Fabric 44,265, Parcel Zoning 46,222, Parcel Landuse 46,193 (498 parcels designated 'Employment' -- parcel-granular analogue of Hamilton's Employment Lands). NEI 2022: 4,396 businesses, the richest NEI count in the region. Baseline: RECON-2026-08-22.md."
thorold,City of Thorold,CA,lower-tier,niagara_region,yes,,none,,pass1_done,P1,,"No presence -- Brock University holds historical map scans of the canals/townships only, not current municipal data. NEI 2022: 582 businesses. Baseline: RECON-2026-08-22.md."
wainfleet,Township of Wainfleet,CA,lower-tier,niagara_region,yes,,none,,pass1_done,later,,No presence. NEI 2022: 72 businesses -- smallest count in the region. Baseline: RECON-2026-08-22.md.
welland,City of Welland,CA,lower-tier,niagara_region,yes,"https://open.welland.ca (own ArcGIS Hub; origin arcgisweb.welland.ca down as of 2026-08-22, use ArcGIS Online Hub cache route)",arcgis,OGL 2.0 (Welland),pass1_done,P0,,"172 datasets via own Hub vs. 44 via shared CKAN -- discover through open.welland.ca/data.json, not niagaraopendata.ca. 26,027 building footprints, Old Zoning (2,014) + Current Zoning (1,981, 73 industrial) two-epoch pair, 923-record Business Directory (independent of NEI, NEI counts 1,299 for 2022 -- a measured ~29% disagreement between two registers). Recommended as the engine's test municipality for method calibration. Baseline: RECON-2026-08-22.md."
west_lincoln,Township of West Lincoln,CA,lower-tier,niagara_region,yes,,none,,pass1_done,later,,"No presence (searches return West Lincoln, Oregon false positives). NEI 2022: 216 businesses. Baseline: RECON-2026-08-22.md."
hamilton,City of Hamilton,CA,single-tier,,yes,https://open.hamilton.ca,arcgis,City of Hamilton Open Data Licence (391 of 463 datasets),pass1_done,P0,,"463 datasets. Employment Lands (22, authoritative industrial land), Zoning By-law Boundary (11,931), Buildings (214,293), Railways (1,692), Truck Route Network (1,250), Addresses (273,535). No business-register equivalent to Niagara's NEI -- structural asymmetry flagged in DATA-SOURCES.md as the single most important finding of the Hamilton pass. Layer indices in FeatureServer URLs are unstable; resolve by name via the DCAT feed. Baseline: DATA-SOURCES.md, sources/manifest-hamilton.json."
haldimand_county,Haldimand County,CA,single-tier,,yes,https://gis.haldimandcounty.ca (own ArcGIS server),arcgis,not yet confirmed live -- treat as unverified until checked,pass1_done,P0,brantford_brant_port_dover_gap,"425 items. Zones 3,391, Building Footprints 29,447, plus Planning Applications, ParcelsOnlinePublic, Civic Addresses, Special Flood Plain Policy Areas. Nearest probed point to the still-unreconned Brantford/Brant/Norfolk corridor -- the western adjacency edge named in the gap row. Baseline: RECON-2026-08-22.md."
brantford,City of Brantford,CA,single-tier,,yes,"https://data-brantford.opendata.arcgis.com (city also self-describes the portal as brantfordopendata-brantford.hub.arcgis.com -- same ArcGIS Hub, verify which URL is canonical before scripting against it)",arcgis,"Municipal Open Data Licence (attribution-style, per pattern of every other Ontario municipality in this roster) -- licence page is a JS-rendered Hub app, text not machine-readable via curl; not yet read verbatim",pass1_done,P0,brantford_brant_port_dover_gap,"FIELD-VERIFIED 2026-09-23 (NIA-18). Both data-brantford.opendata.arcgis.com and brantfordopendata-brantford.hub.arcgis.com are live Hub sites over the SAME ArcGIS Online org (services.arcgis.com/aji2lCmjXt0KpGzI) -- not a canonical-vs-broken split, just two front doors onto identical data. Live record counts: Zoning Districts 1,906, Parcel Fabric 38,778, Building Footprints 36,862, Site Addresses 38,999. Field lists checked on all four -- NO owner-name field on any (Ontario municipal pattern holds: geometry + zoning/address only, ownership sits behind MPAC)."
brant_county,County of Brant,CA,county,,yes,https://catalogue-brant.hub.arcgis.com ; also own MapServer at https://sm.brant.ca/arcgis/rest/services/PublicData/CountyOfBrantGIS/MapServer,arcgis,CC0 (public domain) confirmed live on Parcels/Land Use Designation/Building Footprint/Civic Addressing item metadata -- the most permissive licence found anywhere in this entire roster,pass1_done,P0,brantford_brant_port_dover_gap,"FIELD-VERIFIED 2026-09-23 (NIA-18). Live record counts via services1.arcgis.com/ZG34JIhRAfwP1ItJ: Parcels 17,735, Zoning 6,520, Land Use Designation 19,231 (carries Within_SAB / Within_BUA growth-boundary flags -- directly useful for settlement-area analysis), Building Footprint 23,161, Civic Addressing 19,361. NO owner-name field on any. The county's own MapServer at sm.brant.ca is UNREACHABLE as of this check (connection failure, not a 404) -- the ArcGIS Online Hub items above are the only currently-usable door; re-check sm.brant.ca before assuming it's permanently gone."
norfolk_county,Norfolk County,CA,single-tier,,yes,https://data-norfolk.opendata.arcgis.com,arcgis,not yet confirmed -- needs a direct licence-page check,pass1_done,P0,brantford_brant_port_dover_gap,"FIELD-VERIFIED 2026-09-23 (NIA-18). Live record counts via services1.arcgis.com/mSGV2hCLXHNsfQqK: Parcels 33,831 (carries ROLLNUM/ROLLNUMFUL assessment-roll-number fields -- a ready join key if MPAC or a roll-based dataset ever becomes available), Civic Addresses 35,121. NO owner-name field on either. Full Norfolk County Open Data Licence Agreement text already captured in 09-per-jurisdiction-dataset-catalog.xlsx -- OGL-style, free including commercial use, attribution encouraged not required. Still no dataset found that isolates Port Dover specifically -- see port_dover row."
port_dover,Port Dover,CA,place,norfolk_county,edge,,none,,not_started,later,brantford_brant_port_dover_gap,"Unincorporated community inside Norfolk County, not a separate legal jurisdiction -- included as its own row only because the ticket's geography lock names it explicitly as the v1 landmark on the Lake Erie side. Any usable data will come from the norfolk_county row's datasets clipped geographically to the Port Dover area; no dedicated portal exists or should be expected. in_v1=edge rather than yes/out to flag this dependency honestly."
halton_region,Regional Municipality of Halton,CA,region,,out,none confirmed for the regional government itself,unknown,,pass1_done,later,burlington_halton_gap,"NEW 2026-09-23 dig. No dedicated Region of Halton open-data portal found distinct from its member municipalities. The only Halton-branded ArcGIS Hub found belongs to Conservation Halton (conservationhalton-camaps.opendata.arcgis.com) -- a separate conservation-authority body publishing watershed data, not the regional government's own catalogue; do not conflate the two when scripting. RECON-2026-08-22.md's 'never probed at all' finding still holds for the regional government itself as of this pass. Out-of-core per ticket geography lock."
burlington,City of Burlington,CA,lower-tier,halton_region,out,https://www.burlington.ca/opendata ; https://opendata.burlington.ca,static,not established,pass1_done,later,burlington_halton_gap,"NEW 2026-09-23 dig -- status appears CHANGED since RECON-2026-08-22.md, which recorded opendata.burlington.ca returning HTTP 403. This pass found opendata.burlington.ca serving plain directory listings (3D building models, GTFS-RT feed) and a city news item titled 'City of Burlington launches improved Open Data portal', suggesting a relaunch happened between the two passes. NOT independently re-verified by a live HTTP probe in this session -- flagged as a discrepancy for the next agent to confirm with a direct request, not treated as resolved. Out-of-core per ticket geography lock unless this turns out to clearly overlap v1. | RECHECKED 2026-09-25 (NIA-21): opendata.burlington.ca root confirmed live HTTP 403 via direct curl -- matches the ORIGINAL 2026-08-22 finding, not the 2026-09-23 directory-listing finding (which was likely a stale search-engine-indexed subpath, not the live root). Conflict resolved: the portal blocks direct automated access. Still out-of-core per geography lock."
erie_county_ny,Erie County,US,county,,yes,https://www3.erie.gov/gis (ECIMS / On-Map) ; parcels also served via statewide NYS Tax Parcels Public,static,"Open, attribution (NYS Tax Parcels Public umbrella); county's own annual parcel shapefile release is free",pass1_done,P0,,"370,424 parcels via NYS Tax Parcels Public (1,159 industrial, PROP_CLASS 700-799 -- a clean authoritative filter Ontario has no equivalent for). County's own site confirmed 2026-09-23: ECIMS/On-Map is a custom mapping app plus a free annual tax-parcel shapefile download, not an ArcGIS Hub/CKAN/Socrata catalogue -- hence catalog_type=static rather than arcgis. See buffalo_ny for the city-level Socrata portal. Baseline: us/DATA-SOURCES.md."
buffalo_ny,City of Buffalo,US,place,erie_county_ny,yes,https://data.buffalony.gov,socrata,varies by dataset,pass1_done,P0,,"51 own datasets on a shared Socrata catalogue that federates other cities -- must filter by domainCName=data.buffalony.gov or the catalogue returns Austin/LA/Santa Clara results. Assessment roll, building permits (genuine activity data), no zoning or parcel geometry of its own -- tabular assessment/tax/permits; GIS lives elsewhere. Baseline: us/DATA-SOURCES.md."
niagara_county_ny,Niagara County,US,county,,yes,https://gis.niagaracounty.com/arcgis/rest/services/NC_GIS/NC_GIS/FeatureServer,arcgis,not fully confirmed -- treat as open pending a direct check,pass1_done,P0,,"94,318 parcels, 364 industrial (PropClsite 700-799, class descriptions pre-written). Runs its own ArcGIS Server -- NOT in NYS Tax Parcels Public (verified 0 records there both exact-match and LIKE query). Has a ZoneCode field the state layer lacks. Also carries Inactive_Landfills, Farmland, imagery back to 2013. Baseline: us/DATA-SOURCES.md."
niagara_falls_ny,City of Niagara Falls (NY),US,place,niagara_county_ny,yes,none dedicated -- city GIS page (niagarafallsny.gov/business/gis.php) is informational and points to county-level tools,none,,pass1_done,P1,,NEW 2026-09-23 dig. No dedicated city open-data catalogue found distinct from Niagara County's own ArcGIS server or Erie County's ECIMS. Named explicitly in the ticket as a 'major place' to check -- confirmed thin/none rather than silently skipped.
chautauqua_county_ny,Chautauqua County,US,county,,yes,https://maps.chautauquacounty.com (Parcel Viewer 2.0 + Parcel History Database),arcgis,"Open, attribution -- CONFIRMED live 2026-09-23 as one of the 38 NY counties in NYS Tax Parcels Public (statewide layer)",pass1_done,P1,us_v1_counties_gap,"UPDATED 2026-09-23 (live query, not search-derived): County IS in the statewide NYS Tax Parcels Public layer -- 88,396 parcels, 312 industrial (PROP_CLASS 700-799), verified by direct COUNTY_NAME query against FeatureServer/1. This supersedes the earlier finding (county's own maps.chautauquacounty.com viewer, no bulk-download route) as the recommended primary source -- free, bulk, same schema as Erie. County's own portal remains useful for the weekly Parcel History Database (ownership/deed history) the state layer doesn't carry."
cattaraugus_county_ny,Cattaraugus County,US,county,,yes,https://maps2.cattco.org/parcel (Parcel Viewer 4.0),arcgis,FEE-BASED via county viewer -- CONFIRMED live 2026-09-23 ABSENT from the free statewide NYS Tax Parcels Public layer (count=0),pass1_done,P1,us_v1_counties_gap,"UPDATED 2026-09-23 (live query): Confirmed by direct COUNTY_NAME query that Cattaraugus is NOT one of the 38 statewide-layer counties (count=0, same absence pattern as Niagara, Orleans, Monroe). The county's own fee-based Parcel Viewer 4.0 ($0.03-0.06/parcel, $5 min) is therefore the only parcel-geometry route currently known -- no free bulk alternative confirmed. See heavymap-planning/08-parcel-contextual-dataset-assessment.xlsx (Alternatives sheet) for candidate workarounds (Regrid, direct FOIL/bulk-licence request to the county's own RP office)."
wyoming_county_ny,Wyoming County,US,county,,yes,statewide NYS Tax Parcels Public FeatureServer (already in sources.json); county web app viewer at wyco.maps.arcgis.com,arcgis,"Open, attribution -- CONFIRMED live 2026-09-23 as one of the 38 NY counties in NYS Tax Parcels Public",pass1_done,P1,us_v1_counties_gap,"UPDATED 2026-09-23 (live query): RESOLVES the prior open question -- Wyoming DOES participate in the statewide layer. 23,530 parcels, 102 industrial (PROP_CLASS 700-799), verified by direct COUNTY_NAME query. Free, bulk, same schema as Erie. County's own webappviewer (wyco.maps.arcgis.com) is now secondary/redundant."
genesee_county_ny,Genesee County,US,county,,yes,https://gis-data-cogeneseeny.hub.arcgis.com,arcgis,"Open, attribution -- CONFIRMED live 2026-09-23 as one of the 38 NY counties in NYS Tax Parcels Public; ALSO has its own ArcGIS Hub",pass1_done,P1,us_v1_counties_gap,"UPDATED 2026-09-23 (live query): County is BOTH in the statewide layer (28,266 parcels, 140 industrial, verified by direct COUNTY_NAME query) AND runs its own ArcGIS Hub (gis-data-cogeneseeny.hub.arcgis.com) with an independent yearly parcel release. Two independent sources for the same county -- a cross-check candidate, same pattern as Welland's two-register disagreement on the Ontario side. Best-postured of all six originally-gapped US counties."
orleans_county_ny,Orleans County,US,county,,yes,"none confirmed -- county Planning Dept page describes holdings but no catalogue URL found; Beacon (orleans.sdgnys.com) is a third-party assessment lookup, not a county data catalogue",unknown,,pass1_done,P1,us_v1_counties_gap,"UPDATED 2026-09-23 (live query): Confirmed by direct COUNTY_NAME query that Orleans is NOT one of the 38 statewide-layer counties (count=0). Combined with no county-run catalogue found (see original notes), Orleans is now the confirmed thinnest of all eight US v1 counties for parcel geometry specifically -- Beacon (orleans.sdgnys.com) is a per-parcel assessment lookup, not a bulk source. See heavymap-planning/08-parcel-contextual-dataset-assessment.xlsx for alternatives being tracked."
monroe_county_ny,Monroe County,US,county,,yes,"https://maps.monroecounty.gov (ArcGIS Enterprise, self-hosted) -- Parcels_Public: https://maps.monroecounty.gov/server/rest/services/Hosted/Parcels_Public/FeatureServer/0",arcgis,licenceInfo field blank on the portal item -- needs a check of the Enterprise Portal's general terms page,pass1_done,P0,us_v1_counties_gap,"CORRECTED 2026-09-23: an earlier pass in this same session mistakenly identified gishub-monroegis.hub.arcgis.com as this county's portal -- that is actually MONROE COUNTY, OHIO (publisher field literally reads 'Monroe County, Ohio GIS', bounding box centered near -81,39.7, southeastern Ohio -- same decoy class as the existing eaton-county-michigan-decoy entry in sources.json). CONFIRMED REAL Monroe County NY portal is maps.monroecounty.gov -- a self-hosted ArcGIS Enterprise Portal (Sites app at /portal/apps/sites/#/mcgis), not an ArcGIS Online Hub. Live-verified: Parcels_Public feature service, 267,962 parcels, WITH a totalassessedvalue field -- county-wide assessed value at parcel level, not just the City of Rochester subset. This is a stronger find than the original mistaken one. Server also has DOT, Health, Parks, Planning, Zoo, Stormwater and other municipal-asset folders -- a genuine full county GIS server, worth a fuller pass. Rochester (place row) remains a separate, independently-run city portal with its own 12-snapshot historical parcel series 1996-2024 -- do not conflate the two. | DRILLED DOWN 2026-09-23 (NIA-19): enumerated all 44 top-level folders on maps.monroecounty.gov. Notable finds beyond Parcels_Public: Planning/DRC_Review_Area (airport development-constraint zones incl. noise contours and runway protection), Flood_Layers (Genesee River modeled at 5 flow rates), LiDAR/Steep_Slope (pre-computed 30 deg/15 deg polygons -- directly comparable to the Hamilton-Niagara engine's own derived-from-contours slope method, see TECHNOLOGY-DECISIONS.md D-5/D-12), DES/Municipal_Sewer_Systems (town-by-town sanitary/storm infrastructure), Infrastructure/Gas_Data (incl. Buckeye Fuel Terminals), and 7 vintages of historic aerial imagery 1930-1999. Most other folders (Facilities, EOC, Solid_Waste, Treatment_Plant_Assets, WRRF, Public_Safety, etc.) returned empty service lists -- likely internal-only, not a gap in this pass. Added 10 new curated/reviewed rows to 09-per-jurisdiction-dataset-catalog.xlsx."
rochester_ny,City of Rochester,US,place,monroe_county_ny,yes,https://data.cityofrochester.gov,socrata,"DCAT licence field contains HTML, not a clean licence name -- needs a human look before use",pass1_done,P0,us_v1_counties_gap,"Already recon'd in RECON-SPIKE-2026-08-27.md, not a fresh dig. 64,828 parcels WITH assessed value (365 industrial, 4,717 near-derelict by land-value-equals-total-value test) -- the highest evidence tier found anywhere in this entire roster, the US analogue of the UK VOA rating-list method that Ontario's MPAC paywall forecloses. 12 historical snapshots 1996-2024. Building Footprints: Live. Ceiling: parcel+value tier, strictly higher than any Ontario or other US jurisdiction in this roster."
