dataset_id,family_id,working_name,source_agency,source_url,geography_coverage,coverage_codes,coverage_completeness,entity_types,grain,primary_key_fields,join_keys_offered,join_keys_needed,freshness_cadence,access_method,format,size_order_of_magnitude,needs_etl,etl_shape,cache_policy,license_redistribution_risk,licence_clearance,pii_or_sensitive,evidence_grade,depends_on,unlocks,priority_band,disposition_d5,normalize_status,ship_status,status_in_product,atlas_role,atlas_roles,blocker,last_verified,owner_agent_lane,discovered_in_doc,repo,docs_dir_rel,normalize_doc_rel,field_map_doc_rel,decision_doc_rel,qa_doc_rel,tests_rel,raw_cache_rel,ship_artifact_rel,related_code_rel,linear_ids,doc_status,notes,joins_with,join_method,conflict_with,unit_index_role,dossier_bands,map_layers,ui_surfaces,filter_dimensions,derived_readings,reading_status,math_notes,uk_analogue,promotes_when,agent_prompt_hook,acceptance_tests,open_questions
osm_industrial_land,,OSM industrial land (Overpass),OpenStreetMap contributors,https://overpass-api.de/api/interpreter,Hamilton–Niagara–WNY study bbox (cross-border),ON-Hamilton|ON-Niagara-12|US-NY-Erie|US-NY-Niagara,full,industrial landuse polygons; works; warehouses,polygon_zone,,,,continuous (minutes–days),REST,Overpass JSON ? GeoJSON,~1.5k industrial land features; small–medium,"yes — query, tag filter, provenance","query, tag filter, provenance",commit_thin,ODbL 1.0 share-alike — highest licence risk; stamp provenance,sharealike,none,crowdsourced,,cross-boundary backbone; Hamilton business-gap proxy,P0,ship,done,committed_thin,shipped,basemap,basemap,,,,niagara-atlas/DATA-SOURCES.md,niagaraassembly/heavymap,,,,,,,,data/osm-land.geojson,,,missing,Only uniform cross-border schema. data/osm-land.geojson (+ places/rail/disused).,,,,contextual_only,,,,,,,,voa_gap_finder?landuse vs register unmatched gaps,,,,
osm_rail_corridors,,OSM rail corridors,OpenStreetMap contributors,https://overpass-api.de/api/interpreter,Hamilton–Niagara–WNY bbox,ON-Hamilton|ON-Niagara-12|US-NY-Erie|US-NY-Niagara,full,railway ways,polygon_zone,,,,continuous,REST,GeoJSON,~4.4k features (~2k WNY),yes,,commit_thin,ODbL 1.0 share-alike,sharealike,none,crowdsourced,OSM industrial land (Overpass),corridor spine with municipal rail,P0,ship,done,committed_thin,shipped,basemap,basemap,,,,niagara-atlas/us/DATA-SOURCES.md,niagaraassembly/heavymap,,,,,,,,data/osm-rail.geojson,,,missing,data/osm-rail.geojson; spans Welland Canal/harbour where munis stop.,osm_industrial_land,,,contextual_only,access,,,,,,,,,,,
osm_brownfield_disused,,OSM brownfield & recorded disused,OpenStreetMap contributors,https://overpass-api.de/api/interpreter,Hamilton–Niagara–WNY bbox,ON-Hamilton|ON-Niagara-12|US-NY-Erie|US-NY-Niagara,full,brownfield polygons; disused buildings,,,,,continuous,REST,GeoJSON,~360 features,yes — DISUSED (RECORDED) labelling,DISUSED (RECORDED) labelling,commit_thin,ODbL 1.0; publish observations not judgements,sharealike,none,crowdsourced,,interim vacancy/brownfield pending BOA/muni registries,P1,ship,done,committed_thin,shipped,enrich,enrich,,,,niagara-atlas/DATA-SOURCES.md,niagaraassembly/heavymap,,,,,,,,,,,missing,Named to avoid underuse claims.,,,,attributes_unit,,,,,,,,,,,,
osm_industrial_places,,OSM industrial places / facilities,OpenStreetMap contributors,https://overpass-api.de/api/interpreter,Hamilton–Niagara–WNY bbox,ON-Hamilton|ON-Niagara-12|US-NY-Erie|US-NY-Niagara,full,industrial/works/craft POIs,point_business,,,,continuous,REST,GeoJSON,~2.7k places,yes,,commit_thin,ODbL 1.0,sharealike,business_claim_risk,crowdsourced,,Hamilton business-level proxy where NEI absent,P0,ship,done,committed_thin,shipped,business,business,,,,niagara-atlas/DATA-SOURCES.md,niagaraassembly/heavymap,,,,,,,,data/osm-places.geojson,,,missing,data/osm-places.geojson; fills Hamilton asymmetry vs NEI.,,,,attributes_unit,business,,,,,,,companies_house_panel?OSM places as thin business proxy,,,,
hamilton_employment_lands,,Hamilton Employment Lands,City of Hamilton,https://open.hamilton.ca,"City of Hamilton (incl. Stoney Creek, Ancaster, Dundas, Waterdown, Flamborough)",ON-Hamilton,full,designated employment-land polygons (districts not sites),parcel,,,,updated; Employment Lands mod 2026-08-02 observed,file,ArcGIS FeatureServer ? GeoJSON,22 polygons / ~143 KB,light — resolve layer by name via DCAT (indices unstable),light — resolve layer by name via DCAT (indices unstable),commit_thin,City of Hamilton Open Data Licence — attribution; bespoke (not OGL),attribution_ok,none,authoritative,,Hamilton unit spine for industrial land,P0,ship,partial,committed_thin,ingested,unit_spine,unit_spine,,,,niagara-atlas/DATA-SOURCES.md,niagaraassembly/heavymap,,,,,,,,data/hamilton-employment-land.geojson,,,missing,Foundational. data/hamilton-employment-land.geojson. Candidate #201.,,,,defines_unit,identity|land_use,,,,,,,,,,,
hamilton_zoning_boundary,,Hamilton Zoning By-law Boundary,City of Hamilton,https://open.hamilton.ca,City of Hamilton,ON-Hamilton,full,zoning polygons,polygon_zone,,,,municipal open-data cadence,file,GeoJSON,"11,931 features / ~65 MB cached",yes — industrial zone filter; resolve by name,industrial zone filter; resolve by name,gitignore_raw,Hamilton Open Data Licence,unclear,none,authoritative,,industrial zoning filter; ZONING_DESC crosswalk,P0,simplify,partial,held_local,ingested,constraint,constraint,,,,niagara-atlas/DATA-SOURCES.md,niagaraassembly/heavymap,,,,,,,,,,,missing,Industrial subset shipped as data/hamilton-zoning-industrial.geojson.,,,,constrains_unit,land_use|risk,,,,,,,,,,,
hamilton_buildings,,Hamilton Buildings,City of Hamilton,https://open.hamilton.ca,City of Hamilton,ON-Hamilton,full,building footprints,building,,,,municipal,file,GeoJSON,"214,293 features / ~113 MB",yes — clip/filter industrial; shard or tile,clip/filter industrial; shard or tile,tile_host,Hamilton Open Data Licence,unclear,none,authoritative,,physical fabric; floorspace proxies,P0,tile,not_started,held_local,ingested,enrich,enrich,,,,niagara-atlas/DATA-SOURCES.md,niagaraassembly/heavymap,,,,,,,,,,,missing,UK pattern: split by key. Candidate #219.,,,,attributes_unit,history|land_use,,,,,,,,,,,
hamilton_railways,,Hamilton Railways,City of Hamilton,https://open.hamilton.ca,City of Hamilton,ON-Hamilton,full,railway polylines,polygon_zone,,,,municipal,file,GeoJSON,"1,692 / ~2 MB",light,light,commit_thin,Hamilton Open Data Licence,unclear,none,authoritative,,rail corridor with OSM rail,P0,ship,done,committed_thin,shipped,basemap,basemap,,,,niagara-atlas/DATA-SOURCES.md,niagaraassembly/heavymap,,,,,,,,data/hamilton-rail.geojson,,,missing,data/hamilton-rail.geojson,,,,contextual_only,access,,,,,,,,,,,
hamilton_truck_routes,,Hamilton Truck Route Network,City of Hamilton,https://open.hamilton.ca,City of Hamilton,ON-Hamilton,full,permitted truck routes (not measured volumes),,,,,municipal,file,GeoJSON,"1,250 / ~1.3 MB",light,light,commit_thin,Hamilton Open Data Licence,unclear,none,authoritative,,freight access constraint; NOT comparable to NYS Truck AADT,P1,ship,done,committed_thin,shipped,constraint,constraint,,,,niagara-atlas/DATA-SOURCES.md,niagaraassembly/heavymap,,,,,,,,data/hamilton-truck-routes.geojson,,,missing,Routes ? volumes. data/hamilton-truck-routes.geojson,,,,constrains_unit,access|risk,,,,,,,,,,,
hamilton_addresses,,Hamilton Addresses,City of Hamilton,https://open.hamilton.ca,City of Hamilton,ON-Hamilton,full,address points,address,,,,municipal,file,GeoJSON,"273,535 / ~135 MB",yes — J2 address join key,J2 address join key,recompute,Hamilton Open Data Licence,unclear,none,authoritative,,geocode permits/licences/business tables,P0,derive,not_started,held_local,ingested,unit_spine,unit_spine,,,,niagara-atlas/INGESTION-LEDGER.md,niagaraassembly/heavymap,,,,,,,,,,,missing,Join substrate; likely derive into unit keys. Candidate #220.,,,,defines_unit,identity,,,,,,,,,,,
hamilton_vacant_buildings,,Hamilton Vacant Building Registry,City of Hamilton,https://open.hamilton.ca,City of Hamilton,ON-Hamilton,full,vacant building records (tabular),building,,,,municipal registry,file,table / GeoJSON join,84 records,yes — geocode; observation labelling,geocode; observation labelling,gitignore_raw,Hamilton ODL; misuse risk if published as vacancy judgement,unclear,none,authoritative,Hamilton Addresses,rare CA vacancy signal with official backing,P1,ship,not_started,held_local,ingested,enrich,enrich,,,,niagara-atlas/DATA-SOURCES.md,niagaraassembly/heavymap,,,,,,,,,,,missing,Candidate #221.,hamilton_addresses,,,attributes_unit,history|land_use,,,,,,,,,,,
hamilton_building_demolition_permits,,Hamilton Building & Demolition Permits (2008–present),City of Hamilton,https://open.hamilton.ca,City of Hamilton,ON-Hamilton,full,permit activity records,,,,,ongoing (2008–2016 + 2017–present tables),file,table,~194k rows / ~113 MB,yes — address join; activity timeline,address join; activity timeline,recompute,Hamilton Open Data Licence,unclear,none,authoritative,Hamilton Addresses,§15 activity signal; change detection,P1,derive,not_started,held_local,ingested,enrich,enrich,,,,niagara-atlas/INGESTION-LEDGER.md,niagaraassembly/heavymap,,,,,,,,,,,missing,Candidates #222–223.,hamilton_addresses,,,attributes_unit,history|land_use,,,,,,,,,,,
hamilton_businesses_employee_count,,Hamilton Businesses by Employee Count,City of Hamilton,https://open.hamilton.ca,City of Hamilton,ON-Hamilton,full,business counts (schema TBD — point vs aggregate),point_business,,,,unknown,DCAT,unknown (catalogue present),unknown — not field-inspected in Tier1,unknown — probe grain,unknown — probe grain,,Hamilton Open Data Licence,unclear,business_claim_risk,authoritative,,potential Hamilton NEI gap fill,P1,unknown,not_started,unknown,candidate,business,business,,,,niagara-atlas/DATA-SOURCES.md,niagaraassembly/heavymap,,,,,,,,,,,missing,Present in catalogue; not field-inspected. Critical for Hamilton asymmetry.,,,,attributes_unit,business,,,,,,,,,,,
niagara_nei_consolidated,,Niagara Consolidated NEI,Niagara Region,https://niagaraopendata.ca/dataset/consolidated-nei-opendata,Niagara Region — all 12 lower-tier municipalities,ON-Niagara-12,full,"business points: NAICS, sector, employee band, indoor GFA",point_business,,,,multi-year consolidated since 2016; survey paused 2020–21; keep latest Year per nei_id,file,GeoJSON / CSV / FeatureServer,"98,065 records / ~65 MB",yes — group by nei_id max Year; never render stale year as live,group by nei_id max Year; never render stale year as live,gitignore_raw,OGL 2.0 (Niagara Region) — low,attribution_ok,business_claim_risk,authoritative,,primary CA business register; densification; floorspace ratios,P0,ship,partial,held_local,ingested,business,business,,,,niagara-atlas/DATA-SOURCES.md,niagaraassembly/heavymap,,,,,,,,,,,missing,Richest CA register. Annual editions also cached. Departures derived layer exists.,,,welland_business_directory|osm_industrial_places|osm_industrial_land,attributes_unit,business,,,,,,,companies_house_panel?NEI+directory as company/site register; voa_gap_finder?NEI?OSM disagreement,,,,
niagara_nei_annual_editions,,Niagara NEI annual editions (2017/2018/2019/2022),Niagara Region,https://niagaraopendata.ca,Niagara Region,ON-Niagara-12,full,business inventory annual snapshots,point_business,,,,annual editions,file,CSV / GeoJSON,~2.5–3.4 MB each,yes — longitudinal join on nei_id,longitudinal join on nei_id,recompute,OGL 2.0,attribution_ok,business_claim_risk,authoritative,Niagara Consolidated NEI,departures/arrivals; temporal business change,P0,derive,partial,held_local,ingested,business,business,,,,niagara-atlas/INGESTION-LEDGER.md,niagaraassembly/heavymap,,,,,,,,,normalize/departures.py,,missing,Feeds data/niagara-departures.geojson via normalize/departures.py.,niagara_nei_consolidated,,,attributes_unit,business,,,,,,,,,,,
niagara_departures,,Niagara Departures (derived),Niagara Assembly (derived from NEI),n/a — derived,Niagara Region,ON-Niagara-12|US,full,businesses in earlier NEI edition absent later,derived,,,,rebuild on NEI pull,derived,GeoJSON,~68 features shipped (thin),yes — nei_id key (not address),nei_id key (not address),commit_thin,inherits OGL NEI; observation not judgement,attribution_ok,none,derived,Niagara NEI annual editions (2017/2018/2019/2022),change signal for dossiers,P0,derive,done,committed_thin,shipped,derived_reading,derived_reading,,,,niagara-atlas/BACKLOG.md,niagaraassembly/heavymap,,,,,,,,data/niagara-departures.geojson,,,missing,data/niagara-departures.geojson; BACKLOG documents nei_id fix.,niagara_nei_annual_editions,,,attributes_unit,readings,,,,,,,,,,,
niagara_region_address_points,,Niagara Region Address Points,Niagara Region,https://open.niagararegion.ca/datasets/NiagaraRegion::address-points,All 12 Niagara lower-tier municipalities,ON-Niagara-12,full,address points,address,,,,approx annual,file,GeoJSON,"208,004 / ~99 MB",yes — J2 join substrate,J2 join substrate,recompute,OGL 2.0,attribution_ok,none,authoritative,,geocode Welland Business Directory; permits,P0,derive,not_started,held_local,ingested,unit_spine,unit_spine,,,,niagara-atlas/RECON-2026-08-22.md,niagaraassembly/heavymap,,,,,,,,,,,missing,Candidate #43.,,,,defines_unit,identity,,,,,,,,,,,
niagara_region_building_footprints,,Niagara Region Building Footprints,Niagara Region,https://open.niagararegion.ca,Niagara Region,ON-Niagara-12,full,building footprints,building,,,,regional,file,GeoJSON,"225,999 / ~152 MB",yes — clip; industrial filter; tile,clip; industrial filter; tile,tile_host,OGL 2.0,attribution_ok,none,authoritative,,region-wide fabric where muni footprints missing,P0,tile,not_started,held_local,ingested,enrich,enrich,,,,niagara-atlas/INGESTION-LEDGER.md,niagaraassembly/heavymap,,,,,,,,,,,missing,Candidate #39.,,,,attributes_unit,history|land_use,,,,,,,,,,,
niagara_strategic_locations,,Niagara Strategic Locations for Investment,Niagara Region,https://open.niagararegion.ca,Niagara Region,ON-Niagara-12,full,named investment geography,,,,,policy layer,file,CSV / spatial (thin),small (0 KB CSV noted — recheck geometry),yes — verify spatial form,verify spatial form,gitignore_raw,OGL 2.0,attribution_ok,none,authoritative,,CA analogue of UK strategy-zones,P1,ship,not_started,held_local,ingested,constraint,constraint,,,,niagara-atlas/RECON-2026-08-22.md,niagaraassembly/heavymap,,,,,,,,,,,missing,Closest to UK strategy_zones. Ledger CSV 0 KB — geometry may be missing.,,,,constrains_unit,land_use|risk,,,,,,,,,,,
niagara_urban_area_boundaries,,Niagara Urban Area Boundaries,Niagara Region,https://open.niagararegion.ca,Niagara Region,ON-Niagara-12,full,urban area polygons,polygon_zone,,,,policy,file,GeoJSON,27 polygons / ~301 KB,light,light,gitignore_raw,OGL 2.0,attribution_ok,none,authoritative,,urban/rural framing for dossiers,P1,ship,not_started,held_local,ingested,basemap,basemap,,,,niagara-atlas/INGESTION-LEDGER.md,niagaraassembly/heavymap,,,,,,,,,,,missing,,,,,contextual_only,,,,,,,,,,,,
niagara_welland_canal,,Niagara Welland Canal,Niagara Region,https://open.niagararegion.ca,Niagara Region / canal corridor,ON-Welland,full,canal polygons,polygon_zone,,,,static infrastructure,file,GeoJSON,11 / ~149 KB,light,light,gitignore_raw,OGL 2.0,attribution_ok,none,authoritative,,logistics corridor context,P1,ship,not_started,held_local,ingested,basemap,basemap,,,,niagara-atlas/RECON-2026-08-22.md,niagaraassembly/heavymap,,,,,,,,,,,missing,,,,,contextual_only,,,,,,,,,,,,
niagara_nhs,,Niagara Provincial Natural Heritage System,Niagara Region (provincial NHS via region),https://open.niagararegion.ca,Niagara Region,ON-Niagara-12,full,natural heritage constraint polygons,,,,,policy,file,GeoJSON,51 polygons / ~7 MB (dense; ~137 KB/feature noted),yes — containment at build; simplify for display,containment at build; simplify for display,gitignore_raw,OGL 2.0,attribution_ok,none,authoritative,,negative evidence on employment parcels,P0,simplify,not_started,held_local,ingested,constraint,constraint,,,,niagara-atlas/TECHNOLOGY-DECISIONS.md,niagaraassembly/heavymap,,,,,,,,,,,missing,D-5 example heavy constraint layer (#62).,,,,constrains_unit,land_use|risk,,,,,,,,,,,
niagara_nes_series,,Niagara NES wetlands/woodlands/watercourses series,Niagara Region,https://open.niagararegion.ca,Niagara Region,ON-Niagara-12,full,environmental constraint polygons/lines,,,,,environmental series,file,GeoJSON,tens of MB/layer (wetlands ~81 MB; shoreline ~86 MB),yes — simplify display; derive containment flags,simplify display; derive containment flags,gitignore_raw,OGL 2.0,attribution_ok,none,authoritative,,constraint dossier fields,P1,simplify,not_started,held_local,ingested,constraint,constraint,,,,niagara-atlas/RECON-2026-08-22.md,niagaraassembly/heavymap,,,,,,,,,,,missing,Bundle NES #63–67; prefer containment attributes over shipping all geometry.,,,,constrains_unit,environment|risk,,,,,,,,,,,
niagara_archaeological_potential,,Niagara NOP Area of Archaeological Potential,Niagara Region,https://open.niagararegion.ca,Niagara Region,ON-Niagara-12,full,archaeological potential polygons,,,,,policy,file,GeoJSON,"11,023 / ~40 MB",yes — derive containment boolean on units,derive containment boolean on units,recompute,OGL 2.0; sensitive — prefer flags over raw detail,attribution_ok,none,authoritative,,development constraint flag,P1,derive,not_started,held_local,ingested,constraint,constraint,,,,niagara-atlas/INGESTION-LEDGER.md,niagaraassembly/heavymap,,,,,,,,,,,missing,,,,,constrains_unit,land_use|risk,,,,,,,,,,,
niagara_regional_aadt,,Niagara Regional Road Traffic Volumes (AADT),Niagara Region,https://niagaraopendata.ca,Niagara Region,ON-Niagara-12,full,AADT tabular / road-linked,table_aggregate,,,,periodic counts,file,CSV,44 KB,yes — join to roads,join to roads,gitignore_raw,OGL 2.0,attribution_ok,none,authoritative,,CA traffic volume (partial analogue to NYS Truck AADT),P1,ship,not_started,held_local,ingested,enrich,enrich,,,,niagara-atlas/INGESTION-LEDGER.md,niagaraassembly/heavymap,,,,,,,,,,,missing,,,,,attributes_unit,access,,,,,,,,,,,
nf_property_parcels,,Niagara Falls Property Parcels,City of Niagara Falls,https://niagaraopendata.ca,City of Niagara Falls,ON-NiagaraFalls,full,property parcels,parcel,,,,municipal,file,GeoJSON (prefer WGS84 variants),"35,104 / ~26 MB",yes — unit spine; filter WGS duplicates,unit spine; filter WGS duplicates,gitignore_raw,OGL 2.0 (Niagara Falls),attribution_ok,none,authoritative,,parcel-tier ceiling for NF,P0,simplify,not_started,held_local,ingested,unit_spine,unit_spine,,,,niagara-atlas/RECON-2026-08-22.md,niagaraassembly/heavymap,,,,,,,,,,,missing,Richest municipal publisher (329 datasets). No assessed value (MPAC dead end).,,,,defines_unit,identity|land_use,,,,,,,,,,,
nf_op_schedule_a,,Niagara Falls Official Plan Schedule A Land Use,City of Niagara Falls,https://niagaraopendata.ca,City of Niagara Falls,ON-NiagaraFalls,full,OP land-use designations (incl. AREA_SQM precomputed),polygon_zone,,,,official plan,file,GeoJSON,"1,196 / ~26 MB",yes,,gitignore_raw,OGL 2.0,attribution_ok,none,authoritative,,authoritative industrial/employment designation,P0,simplify,not_started,held_local,ingested,constraint,constraint,,,,niagara-atlas/RECON-2026-08-22.md,niagaraassembly/heavymap,,,,,,,,,,,missing,,,,,constrains_unit,land_use|risk,,,,,,,,,,,
nf_zoning,,Niagara Falls Zoning (4 by-laws union),City of Niagara Falls,https://niagaraopendata.ca,City of Niagara Falls (incl. Crowland/Humberstone/Willoughby legacy),ON-NiagaraFalls,full,zoning polygons across 4 by-laws,polygon_zone,,,,by-law,file,GeoJSON,~2.1k combined,yes — union four layers,union four layers,gitignore_raw,OGL 2.0,attribution_ok,none,authoritative,,complete NF zoning coverage,P0,simplify,not_started,held_local,ingested,constraint,constraint,,,,niagara-atlas/RECON-2026-08-22.md,niagaraassembly/heavymap,,,,,,,,,,,missing,79200 + Crowland 1538 + Humberstone 7069 + Willoughby B0395.,,,,constrains_unit,land_use|risk,,,,,,,,,,,
nf_building_footprints,,Niagara Falls Building Footprints 2010 & 2018,City of Niagara Falls,https://niagaraopendata.ca,City of Niagara Falls,ON-NiagaraFalls,full,building footprints dual-epoch,building,,,,2010 and 2018 epochs,file,GeoJSON,"39,556 + 42,247 / ~54 MB",yes — geometric difference ? demolitions/new build,geometric difference ? demolitions/new build,recompute,OGL 2.0,attribution_ok,none,authoritative,,physical change independent of NEI business change,P0,derive,not_started,held_local,ingested,enrich,enrich,,,,niagara-atlas/RECON-2026-08-22.md,niagaraassembly/heavymap,,,,,,,,,,,missing,Most interesting NF find: two-epoch differencing.,,,,attributes_unit,history|land_use,,,,,,,,,,,
nf_brownfield_cip,,Niagara Falls Brownfield / Employment Generator CIP Areas,City of Niagara Falls,https://niagaraopendata.ca,City of Niagara Falls,ON-NiagaraFalls,full,CIP / brownfield incentive polygons,polygon_zone,,,,CIP programme (2026 layers noted),file,GeoJSON,small (1–11 features),light,light,gitignore_raw,OGL 2.0,attribution_ok,none,authoritative,,incentive geography for dossiers,P1,ship,not_started,held_local,ingested,enrich,enrich,,,,niagara-atlas/RECON-2026-08-22.md,niagaraassembly/heavymap,,,,,,,,,,,missing,,,,,attributes_unit,history|land_use,,,,,,,,,,,
nf_city_owned_property,,Niagara Falls City Owned Property,City of Niagara Falls,https://niagaraopendata.ca,City of Niagara Falls,ON-NiagaraFalls,full,city-owned parcels,,,,,municipal,file,GeoJSON,675 / ~814 KB,light,light,gitignore_raw,OGL 2.0,attribution_ok,owner_names,authoritative,,public land opportunity filter,P1,ship,not_started,held_local,ingested,enrich,enrich,,,,niagara-atlas/RECON-2026-08-22.md,niagaraassembly/heavymap,,,,,,,,,,,missing,,,,,attributes_unit,history|land_use,,,,,,,,,,,
nf_permits_apps,,Niagara Falls Building Permits / Development Applications,City of Niagara Falls,https://niagaraopendata.ca,City of Niagara Falls,ON-NiagaraFalls,full,permits and development applications,,,,,ongoing,file,GeoJSON,permits ~8k; apps ~109; neighbourhood permits ~5k,yes,,recompute,OGL 2.0,attribution_ok,none,authoritative,,activity signal,P1,derive,not_started,held_local,ingested,enrich,enrich,,,,niagara-atlas/INGESTION-LEDGER.md,niagaraassembly/heavymap,,,,,,,,,,,missing,,,,,attributes_unit,history|land_use,,,,,,,planning_data_api?static permits/apps join (no live bbox yet),,,,
stc_parcel_fabric,,St. Catharines Parcel Fabric Public,City of St. Catharines,https://niagaraopendata.ca,City of St. Catharines,ON-StCatharines,full,parcels,parcel,,,,municipal,file,GeoJSON,"44,265 / ~28 MB",yes,,gitignore_raw,OGL 2.0 (St. Catharines),attribution_ok,none,authoritative,,parcel-tier unit spine STC,P0,simplify,not_started,held_local,ingested,unit_spine,unit_spine,,,,niagara-atlas/RECON-2026-08-22.md,niagaraassembly/heavymap,,,,,,,,,,,missing,,,,,defines_unit,identity|land_use,,,,,,,,,,,
stc_parcel_landuse,,St. Catharines Parcel Landuse Public,City of St. Catharines,https://niagaraopendata.ca,City of St. Catharines,ON-StCatharines,full,parcel land-use designations (498 Employment),parcel,,,,municipal,file,GeoJSON,"46,193 / ~27 MB",yes — filter Employment,filter Employment,gitignore_raw,OGL 2.0,attribution_ok,none,authoritative,,authoritative industrial land at parcel grain (Hamilton analogue),P0,simplify,not_started,held_local,ingested,unit_spine,unit_spine,,,,niagara-atlas/RECON-2026-08-22.md,niagaraassembly/heavymap,,,,,,,,,,,missing,498 Employment parcels = direct analogue of Hamilton Employment Lands at parcel grain.,,,,defines_unit,identity|land_use,,,,,,,,,,,
stc_parcel_zoning,,St. Catharines Parcel Zoning Public,City of St. Catharines,https://niagaraopendata.ca,City of St. Catharines,ON-StCatharines,full,parcel zoning,polygon_zone,,,,municipal,file,GeoJSON,"46,222 / ~25 MB",yes,,gitignore_raw,OGL 2.0,attribution_ok,none,authoritative,,zoning × landuse disagreement signals,P0,simplify,not_started,held_local,ingested,constraint,constraint,,,,niagara-atlas/RECON-2026-08-22.md,niagaraassembly/heavymap,,,,,,,,,,,missing,,,,,constrains_unit,environment|risk,,,,,,,,,,,
welland_current_zoning,,Welland Current Zoning (By-law 2017-117),City of Welland,https://open.welland.ca,City of Welland,ON-Welland,full,zoning polygons (73 Industrial),polygon_zone,,,,by-law,file,GeoJSON via AGO Hub cache (origin often down),"1,981 / ~5 MB",yes — Hub cache path; industrial filter,Hub cache path; industrial filter,gitignore_raw,OGL 2.0 (Welland),attribution_ok,none,authoritative,,third muni with authoritative industrial land; engine test bed,P0,simplify,not_started,held_local,ingested,constraint,constraint,,,,niagara-atlas/RECON-2026-08-22.md,niagaraassembly/heavymap,,,,,,,,,,,missing,Discover via open.welland.ca/data.json not CKAN. Origin often down.,,,,constrains_unit,land_use|risk,,,,,,,,,,,
welland_old_zoning,,Welland Old Zoning,City of Welland,https://open.welland.ca,City of Welland,ON-Welland,full,prior zoning epoch,derived,,,,historical vs current,derived,GeoJSON,"2,014 / ~5 MB",yes — difference vs current ? regulatory change,difference vs current ? regulatory change,recompute,OGL 2.0,attribution_ok,none,derived,Welland Current Zoning (By-law 2017-117),rezoning into/out of industrial signal,P1,derive,not_started,held_local,ingested,derived_reading,derived_reading,,,,niagara-atlas/RECON-2026-08-22.md,niagaraassembly/heavymap,,,,,,,,,,,missing,,welland_current_zoning,,,attributes_unit,readings,,,,,,,,,,,
welland_building_footprints,,Welland Building Footprints,City of Welland,https://open.welland.ca,City of Welland,ON-Welland,full,building footprints,building,,,,municipal,file,GeoJSON (AGO cache),"26,027 / ~15 MB",yes,,gitignore_raw,OGL 2.0,attribution_ok,none,authoritative,,fabric for Welland test municipality,P0,simplify,not_started,held_local,ingested,enrich,enrich,,,,niagara-atlas/RECON-2026-08-22.md,niagaraassembly/heavymap,,,,,,,,,,,missing,,,,,attributes_unit,history|land_use,,,,,,,,,,,
welland_business_directory,,Welland Business Directory,City of Welland,https://open.welland.ca,City of Welland,ON-Welland,full,business attribute table (no geometry); exact employee counts,point_business,,,,municipal directory,file,table ? geocode via civic addresses,923 records / ~0.5 MB,yes — geocode vs civic addresses; calibrate vs NEI,geocode vs civic addresses; calibrate vs NEI,recompute,OGL 2.0,attribution_ok,business_claim_risk,authoritative,Niagara Region Address Points;Welland Civic Address Points,second independent register; NEI band calibration; engine test municipality,P0,derive,not_started,held_local,ingested,business,business,,,,niagara-atlas/RECON-2026-08-22.md,niagaraassembly/heavymap,,,,,,,,,,,missing,"NEI 1,299 vs directory 923 (~29% disagreement). Exact FullTime counts.",niagara_region_address_points|welland_civic_addresses,,niagara_nei_consolidated|osm_industrial_places,attributes_unit,business,,,,,,,voa_gap_finder?directory?NEI?OSM match rates,,,,
welland_civic_addresses,,Welland Civic Address Points,City of Welland,https://open.welland.ca,City of Welland,ON-Welland,full,address points,address,,,,municipal,file,GeoJSON,"22,461 / ~6 MB",yes,,recompute,OGL 2.0,attribution_ok,none,authoritative,,geocode Business Directory,P0,derive,not_started,held_local,ingested,unit_spine,unit_spine,,,,niagara-atlas/RECON-2026-08-22.md,niagaraassembly/heavymap,,,,,,,,,,,missing,,,,,defines_unit,identity,,,,,,,,,,,
welland_op_schedule_b,,Welland Official Plan Schedule B,City of Welland,https://open.welland.ca,City of Welland,ON-Welland,full,OP schedule polygons,polygon_zone,,,,official plan,file,GeoJSON,"2,598 / ~14 MB",yes,,gitignore_raw,OGL 2.0,attribution_ok,none,authoritative,,designation vs zoning disagreement,P1,simplify,not_started,held_local,ingested,constraint,constraint,,,,niagara-atlas/RECON-2026-08-22.md,niagaraassembly/heavymap,,,,,,,,,,,missing,,,,,constrains_unit,land_use|risk,,,,,,,,,,,
welland_business_licences,,Welland Business Licences,City of Welland,https://open.welland.ca,City of Welland,ON-Welland,full,business licence status/type,point_business,,,,unknown,file,FeatureServer (404 / empty),0 usable,blocked until origin recovers,blocked until origin recovers,link_out,OGL presumed; blocked in practice,attribution_ok,business_claim_risk,authoritative,,licence status per business,later,link,not_started,unknown,blocked,business,business,DCAT-listed but access blocked,,,niagara-atlas/RECON-2026-08-22.md,niagaraassembly/heavymap,,,,,,,,,,,missing,Listed in DCAT but not cached/downloadable.,,,,attributes_unit,business,,,,,,,,,,,
lincoln_zoning,,Lincoln Zoning Information (SHP),Town of Lincoln,https://niagaraopendata.ca,Town of Lincoln,ON-Lincoln,full,zoning (SHP only),polygon_zone,,,,municipal,file,Shapefile (no REST),~904 KB,yes — SHP?GeoJSON,SHP?GeoJSON,gitignore_raw,OGL 2.0,attribution_ok,none,authoritative,,thin lower-tier zoning,later,simplify,not_started,held_local,ingested,constraint,constraint,,,,niagara-atlas/RECON-2026-08-22.md,niagaraassembly/heavymap,,,,,,,,,,,missing,,,,,constrains_unit,land_use|risk,,,,,,,,,,,
npca_regulation_lands,,NPCA Approximate Regulation Lands,Niagara Peninsula Conservation Authority,https://www.arcgis.com (owner npca.dmccullagh),NPCA jurisdiction (Niagara Peninsula),ON-Niagara-12,full,CA regulation polygons,polygon_zone,,,,regulatory,REST,ArcGIS FeatureServer,unknown (335 NPCA items in catalogue),yes — licence check first,licence check first,,licence not fully verified in recon — confirm before redistribute,unclear,none,authoritative,,highest-value CA constraint currently missing from atlas,P0,simplify,not_started,not_started,recon_done,constraint,constraint,,,,niagara-atlas/RECON-2026-08-22.md,niagaraassembly/heavymap,,,,,,,,,,,missing,Permitting requirement materially changes buildability.,,,,constrains_unit,environment|risk,,,,,,,,,,,
npca_floodplain,,NPCA Regulated Floodplain Extent,Niagara Peninsula Conservation Authority,https://www.arcgis.com (owner npca.dmccullagh),NPCA jurisdiction,,full,floodplain extent,polygon_zone,,,,regulatory,REST,FeatureServer,unknown,yes,,,confirm NPCA terms,unclear,none,authoritative,,flood constraint with Regulation Lands,P0,simplify,not_started,not_started,recon_done,constraint,constraint,,,,niagara-atlas/RECON-2026-08-22.md,niagaraassembly/heavymap,,,,,,,,,,,missing,,,,,constrains_unit,environment|risk,,,,,,,,,,,
npca_assessment_parcels,,NPCA Assessment Parcels,Niagara Peninsula Conservation Authority,NPCA ArcGIS Online,NPCA area,,unknown,assessment-derived parcels,parcel,,,,unknown,blocked,FeatureServer,unknown,blocked on licence,blocked on licence,link_out,HIGH — may be MPAC-derived; do not ingest until licence cleared,unclear,none,catalogue_only,,none until cleared,later,n/a,not_started,unknown,blocked,reference_only,reference_only,Flagged: MPAC republish risk.,,,niagara-atlas/RECON-2026-08-22.md,niagaraassembly/heavymap,,,,,,,,,,,missing,Flagged: MPAC republish risk.,,,,none,,,,,,,,,,,,
haldimand_zones_footprints,,Haldimand County Zones & Building Footprints,Haldimand County,https://gis.haldimandcounty.ca,Haldimand County (western peninsula / Brantford corridor adjacency),ON-Haldimand|ON-Brantford|ON-Brant,full,"zoning (3,391); building footprints (29,447); parcels; flood policy areas",building,,,,municipal server,file,ArcGIS Server,425 items; footprints ~30k,yes — first full catalogue pass,first full catalogue pass,,check Haldimand open-data terms,unclear,none,authoritative,,western corridor extension toward Brantford/Port Dover framing,P1,unknown,not_started,not_started,recon_done,unit_spine,unit_spine,,,,niagara-atlas/RECON-2026-08-22.md,niagaraassembly/heavymap,,,,,,,,,,,missing,v1 geography names Brantford/Brant/Port Dover — Haldimand is nearest probed western edge.,,,,defines_unit,identity,,,,,,,,,,,
ontario_psez,,Ontario Provincially Significant Employment Zones (PSEZ),Ontario MMAH / LIO,https://ws.gisetl.lrc.gov.on.ca/fmedatadownload/Packages/Provincially-Significant-Employment-Zones.zip,Greater Golden Horseshoe incl. Niagara,ON-Niagara-12,full,provincial employment-zone polygons,polygon_zone,,,,provincial package,file,ZIP package (FME bulk) — not FeatureServer,428 KB,yes — download/unzip/convert,download/unzip/convert,,OGL – Ontario,attribution_ok,none,authoritative,,provincial strategy-zone analogue,P0,ship,not_started,not_started,recon_done,constraint,constraint,,,,niagara-atlas/RECON-2026-08-22.md,niagaraassembly/heavymap,,,,,,,,,,,missing,,,,,constrains_unit,environment|risk,,,,,,,strategy_zones?typed investment/employment overlay,,,,
ontario_nep,,Niagara Escarpment Plan (NEP) layers,Niagara Escarpment Commission via LIO,https://geohub.lio.gov.on.ca,"Escarpment through Grimsby, Lincoln, St. Catharines, Thorold, NOTL",ON-StCatharines,full,"NEP boundary, policy area, land-use designations",polygon_zone,,,,provincial plan,file,LIO / GeoHub,small–medium,yes,,,OGL – Ontario,attribution_ok,none,authoritative,,hard development-control constraint,P0,simplify,not_started,not_started,recon_done,constraint,constraint,,,,niagara-atlas/RECON-2026-08-22.md,niagaraassembly/heavymap,,,,,,,,,,,missing,,,,,constrains_unit,environment|risk,,,,,,,,,,,
ontario_greenbelt,,Greenbelt Plan designations,Ontario (Greenbelt Plan via LIO),https://geohub.lio.gov.on.ca,much of Niagara rural land,ON-Niagara-12,full,"Greenbelt designations, specialty crop, river valley connections, hamlets",polygon_zone,,,,provincial plan,file,LIO,medium,yes,,,OGL – Ontario,attribution_ok,none,authoritative,,rural development constraint,P1,simplify,not_started,not_started,recon_done,constraint,constraint,,,,niagara-atlas/RECON-2026-08-22.md,niagaraassembly/heavymap,,,,,,,,,,,missing,,,,,constrains_unit,environment|risk,,,,,,,,,,,
eccc_npri,,ECCC National Pollutant Release Inventory (NPRI),Environment and Climate Change Canada,https://data-donnees.ec.gc.ca,Canada (facility-level; filter to study area),,full,above-threshold pollutant-reporting facilities,,,,,annual reporting,file,data mart / CSV / JSON,small subset in study area,yes — geofilter,geofilter,,Open Government Licence – Canada,attribution_ok,none,authoritative,,corroboration for large sites (not a register),P1,ship,not_started,not_started,recon_done,enrich,enrich,,,,niagara-atlas/RECON-2026-08-22.md,niagaraassembly/heavymap,,,,,,,,,,,missing,UK EPR analogue; skewed to large reporters only.,,,,attributes_unit,environment|risk,,,,,,,epr_panel?release/permit activity overlay,,,,
ontario_rsc_brownfields,,Ontario Brownfields environmental site registry / RSC,Ontario,https://data.ontario.ca (catalogue; no resources),Ontario,ON,unknown,Record of Site Condition web lookup,,,,,n/a — not a feed,blocked,web lookup only,n/a,human look / link-out only,human look / link-out only,link_out,not specified; no machine resources,unclear,none,catalogue_only,,none as feed,later,link,n/a,n/a,blocked,reference_only,reference_only,licence/access blocked — reference only,,,niagara-atlas/RECON-2026-08-22.md,niagaraassembly/heavymap,,,,,,,,,,,missing,,,,,none,,,,,,,,,,,,
mpac_ontario_parcels,,MPAC / Ontario land parcels (assessment),MPAC / Teranet,n/a — fee-based,Ontario,ON,unknown,parcels + assessment + ownership,parcel,,,,n/a,blocked,paid,n/a,n/a,,link_out,DEAD END — fee-based; income/expense withheld; catalogue Not applicable,forbidden_republish,owner_names,catalogue_only,,none at current budget,later,n/a,n/a,n/a,blocked,reference_only,reference_only,Confirmed closed twice. Structural CA/US asymmetry vs NYS Tax Parcels.,,,niagara-atlas/DATA-SOURCES.md,niagaraassembly/heavymap,,,,,,,,,,,missing,Confirmed closed twice. Structural CA/US asymmetry vs NYS Tax Parcels.,,,,none,,,,,,,,,,,,
seaway_vessel_transits,,St. Lawrence Seaway vessel transits,St. Lawrence Seaway Management Corporation,https://greatlakes-seaway.com/en/seaway/transit/,Seaway incl. Welland Canal,ON-Welland|CA-US-Seaway,unknown,vessel transit HTML,,,,,near-real-time readable,blocked,HTML,n/a,DO NOT automate — link out only,DO NOT automate — link out only,link_out,unknown; robots.txt Disallow: /,forbidden_republish,none,catalogue_only,,activity context via outbound link,later,link,n/a,n/a,blocked,reference_only,reference_only,licence/access blocked — reference only,,,niagara-atlas/DATA-SOURCES.md,niagaraassembly/heavymap,,,,,,,,,,,missing,,,,,none,,,,,,,,,,,,
hamilton_nf_contours,,Hamilton Contours / Niagara Falls 1m Contours,City of Hamilton; City of Niagara Falls,municipal FeatureServers,Hamilton; Niagara Falls,ON-Hamilton|ON-NiagaraFalls,full,contour polylines,derived,,,,static terrain,derived,GeoJSON,~3.1 GB combined (#260 + #114) — 63% of cache weight,yes — derive elev/relief/slope per unit; never ship raw,derive elev/relief/slope per unit; never ship raw,recompute,municipal open licences,unclear,none,derived,,slope_pct / relief_m on parcel dossiers,P1,derive,not_started,held_local,ingested,derived_reading,derived_reading,,,,niagara-atlas/TECHNOLOGY-DECISIONS.md,niagaraassembly/heavymap,,,,,,,,,,,missing,D-5 canonical derive case. Display via NRCan MRDEM hillshade tiles instead.,,,,attributes_unit,readings,,,,,,,,,,,
nrcan_mrdem_hillshade,,NRCan MRDEM hillshade (display),Natural Resources Canada,NRCan MRDEM / hillshade products,study bbox,,full,hillshade raster tiles,raster,,,,static DEM product,file,XYZ PNG tile pyramid,~55 MB z10–14 estimated,yes — cut tiles from VRT,cut tiles from VRT,tile_host,Open Government Licence – Canada (confirm product terms),attribution_ok,none,authoritative,Hamilton Contours / Niagara Falls 1m Contours,terrain basemap without shipping contours,later,tile,not_started,not_started,candidate,basemap,basemap,,,,niagara-atlas/TECHNOLOGY-DECISIONS.md,niagaraassembly/heavymap,,,,,,,,,,,missing,,hamilton_nf_contours,,,contextual_only,,,,,,,,,,,,
nys_tax_parcels_erie,,NYS Tax Parcels Public (Erie industrial),NYS ITS GIS Program Office,https://services6.arcgis.com/EbVsqZ18sv1kVJ3k/arcgis/rest/services/NYS_Tax_Parcels_Public/FeatureServer/1,Erie County NY (Niagara County absent from state layer); 38/62 NY counties,ON-Niagara-12|US-NY-Erie,partial,"tax parcels with PROP_CLASS, GFA, AV, owner (drop owner on ship)",parcel,,,,annual roll,file,GeoJSON (paged 1000),"370,424 Erie parcels; 1,159 industrial (700–799)",yes — page; industrial filter; drop PII owner fields,page; industrial filter; drop PII owner fields,commit_thin,Open attribution; strip PRIMARY_OWNER for public ship,attribution_ok,owner_names,authoritative,,US parcel-tier unit spine with assessment — CA cannot match,P0,simplify,partial,committed_thin,ingested,unit_spine,unit_spine,,,,niagara-atlas/us/DATA-SOURCES.md,niagaraassembly/heavymap,,,,,,,,data/us-industrial-parcels.geojson,,,missing,data/us-industrial-parcels.geojson. Layer /1 is parcels; /0 is footprint trap.,,,,defines_unit,identity|land_use,,,,,,,,,,,
niagara_county_ny_parcels,,Niagara County NY Parcels,Niagara County GIS,https://gis.niagaracounty.com/arcgis/rest/services/NC_GIS/NC_GIS/FeatureServer/4,Niagara County NY,US-NY-Niagara,full,parcels with PropClsite + ZoneCode; 364 industrial,parcel,,,,county GIS,file,FeatureServer GeoJSON,"94,318 parcels",yes — drop owner fields; industrial filter,drop owner fields; industrial filter,,confirm county terms; drop OwnrName fields,unclear,none,authoritative,,closes NYS Tax Parcels Niagara County gap; zoning field bonus,P0,simplify,not_started,not_started,candidate,unit_spine,unit_spine,,,,niagara-atlas/us/DATA-SOURCES.md,niagaraassembly/heavymap,,,,,,,,,,,missing,,,,,defines_unit,identity|land_use,,,,,,,,,,,
nys_boa,,NYS Designated Brownfield Opportunity Areas,NYS Department of State,https://services2.arcgis.com/okXm0pb6aWH6XOGI/arcgis/rest/services/BOA_Designations_November2021_Polygons/FeatureServer/0,New York State (86 designations),US-NY,full,BOA polygons (Nov 2021 snapshot),,,,,HISTORICAL/STATIC Nov 2021,file,GeoJSON,86 polygons,light — clip to WNY counties,light — clip to WNY counties,commit_thin,Open attribution,attribution_ok,none,authoritative,,authoritative brownfield geography (better than OSM proxy),P0,ship,partial,committed_thin,ingested,constraint,constraint,,,,niagara-atlas/us/DATA-SOURCES.md,niagaraassembly/heavymap,,,,,,,,data/us-brownfield.geojson,,,missing,data/us-brownfield.geojson,,,,constrains_unit,land_use,,,,,,,,,,,
nys_dec_registries,,NYS DEC regulated facility registries,NYS Department of Environmental Conservation,https://services6.arcgis.com/DZHaqZm9cxOD4CWM/arcgis/rest/services,New York State (clip Erie/Niagara + v1 counties),ON-Niagara-12|US-NY-Erie,full,"permit facilities: air, CBS, PBS, MOSF, TSDF, combustion, transfer, recyclables, tires, dismantling, remediation, wastewater",point_business,,,,approx annual registries,file,multiple FeatureServers ? GeoJSON,multi-layer; county counts not yet checked,yes — multi-layer pull; clip; unify schema,multi-layer pull; clip; unify schema,,Open attribution,attribution_ok,business_claim_risk,authoritative,,process/activity evidence stronger than building=industrial,P0,ship,not_started,not_started,candidate,business,business,,,,niagara-atlas/us/DATA-SOURCES.md,niagaraassembly/heavymap,,,,,,,,,,,missing,Status discovered in us/sources.json; partial us-facilities may exist.,,,,attributes_unit,business,,,,,,,epr_panel?permit/facility overlay with inactive fade,,,,
nys_dot_truck_aadt,,NYS DOT Truck AADT & Percent Truck,NYS Department of Transportation,https://gis.dot.ny.gov/hostingny/rest/services/Roadways/Traffic_Monitoring/FeatureServer/2,New York State,US-NY,full,measured truck volumes on road segments,table_aggregate,,,,annual traffic monitoring,REST,FeatureServer,statewide; clip to corridor counties,yes,,,Open attribution,attribution_ok,none,authoritative,,freight corridor volumes — no CA route-volume counterpart,P1,ship,not_started,not_started,candidate,enrich,enrich,,,,niagara-atlas/us/DATA-SOURCES.md,niagaraassembly/heavymap,,,,,,,,,,,missing,Do not style like Hamilton truck ROUTES.,,,,attributes_unit,access,,,,,,,,,,,
nys_building_footprints,,NYS Building Footprints,NYS ITS GIS,https://services6.arcgis.com/EbVsqZ18sv1kVJ3k/arcgis/rest/services/NYS_Building_Footprints/FeatureServer,New York State — clip to v1 counties,US-NY,full,building footprints,building,,,,state product,REST,FeatureServer,large — needs clip + tile; not yet counted,yes — heavy,heavy,tile_host,Open attribution,attribution_ok,none,authoritative,,US fabric parallel to Hamilton/Niagara footprints,later,tile,not_started,not_started,candidate,enrich,enrich,,,,niagara-atlas/us/DATA-SOURCES.md,niagaraassembly/heavymap,,,,,,,,,,,missing,,,,,attributes_unit,history|land_use,,,,,,,,,,,
us_cbp_2022,,US Census County Business Patterns 2022,US Census Bureau,https://api.census.gov/data/2022/cbp,Erie (36029) & Niagara (36063) counties (extend to v1 county list),ON-Niagara-12|US-NY-Erie|US,full,establishment & employment counts by NAICS by county (tabular),,,,,annual,REST,JSON API ? captured JSON,528 KB captured,light — key only for new vintage; never commit key,light — key only for new vintage; never commit key,commit_thin,US Government public domain,attribution_ok,none,authoritative,,cross-border NAICS footing with NEI; classification weights,P0,ship,done,committed_thin,shipped,enrich,enrich,,,,niagara-atlas/us/DATA-SOURCES.md,niagaraassembly/heavymap,,,,,,,,,,,missing,data/us-cbp-2022.json. Not a map layer — county aggregates.,,,,attributes_unit,,,,,,,,,,,,
buffalo_assessment_bpis,,Buffalo Final Assessment Roll & BPIS permits,City of Buffalo,https://data.buffalony.gov,City of Buffalo,US-NY-Erie,full,assessment roll; building permits; commercial sales (tabular),,,,,city open data,file,Socrata CSV/JSON,51 Buffalo-owned datasets; sizes TBD,yes — join to NYS/county parcel geometry,join to NYS/county parcel geometry,recompute,Socrata open terms; filter domainCName=data.buffalony.gov,unclear,none,authoritative,NYS Tax Parcels Public (Erie industrial),city activity + assessment context; no zoning/parcels on portal,P1,derive,not_started,not_started,candidate,enrich,enrich,,,,niagara-atlas/us/DATA-SOURCES.md,niagaraassembly/heavymap,,,,,,,,,,,missing,Catalogue federates other cities — always filter domain.,nys_tax_parcels_erie,,,attributes_unit,history|land_use,,,,,,,,,,,
epa_tri,,EPA Envirofacts / TRI facilities,US EPA,https://data.epa.gov/efservice/,Erie FIPS 36029; Niagara 36063 (+ v1 counties),ON-Niagara-12|US-NY-Erie|US,full,TRI / facility records with fac_closed_ind,,,,,federal registries,file,JSON,not yet counted,yes,,,US Government public domain,attribution_ok,none,authoritative,,federal corroboration of industrial process sites,P1,ship,not_started,not_started,candidate,enrich,enrich,,,,niagara-atlas/us/DATA-SOURCES.md,niagaraassembly/heavymap,,,,,,,,,,,missing,,,,,attributes_unit,environment|risk,,,,,,,epr_panel?TRI facility cluster overlay,,,,
rochester_tax_parcels_spike,,Rochester Tax Parcels + historical snapshots (spike),City of Rochester,https://data.cityofrochester.gov,City of Rochester / Monroe County NY (method reference; Monroe in v1 list),US-NY-Monroe,unknown,tax parcels with assessed values; 12 snapshots 1996–2024,parcel,,,,annual snapshots,file,FeatureServer,"64,828 parcels current; 365 industrial",yes if committed to Monroe corridor,yes if committed to Monroe corridor,link_out,licence field HTML — needs human look,unclear,none,catalogue_only,,VOA-equivalent method; improvement/total value under-occupancy,later,n/a,not_started,n/a,blocked,reference_only,reference_only,Monroe is in v1 US county list; Rochester spike is method evidence. PARCELID stability unverified.,,,niagara-atlas/RECON-SPIKE-2026-08-27.md,niagaraassembly/heavymap,,,,,,,,,,,missing,Monroe is in v1 US county list; Rochester spike is method evidence. PARCELID stability unverified.,,,,none,,,,,,,,,,,,
burlington_halton_gap,,Burlington / Halton Region open data,City of Burlington; Halton Region,https://opendata.burlington.ca (HTTP 403 observed),Burlington / Halton — prior core scope; weak in docs,ON-Halton,gap,unknown — portal refuses automated access; Halton never probed,,,,,unknown,,unknown,unknown,human probe required,human probe required,,unknown,unclear,,catalogue_only,,closes western CA hole if recoverable,later,unknown,not_started,not_started,gap,unknown,unknown,,,,niagara-atlas/RECON-2026-08-22.md,niagaraassembly/heavymap,,,,,,,,,,NIA-10,missing,"Known weakness recorded 2026-08-23. | NIA-10 roster pass (2026-09-23): Halton Region itself still has no dedicated open-data portal found (only Conservation Halton, a separate conservation-authority body, publishes via ArcGIS Hub). Burlington's status may have CHANGED since this row's 2026-08-23 note -- opendata.burlington.ca now serves directory listings (3D, GTFS-RT) and there's a city news item about an 'improved Open Data portal' launch, vs. the previously-recorded HTTP 403. NOT independently re-verified with a direct HTTP probe this session -- flagged as a discrepancy, not resolved. See heavymap-planning/07-jurisdiction-roster-v1.csv/.md.",,,,none,,,,,,,,,,,,"Needs live field-verification pass (record counts, licence text) per NIA-10 roster."
brantford_brant_port_dover_gap,,Brantford / Brant / Port Dover municipal datasets,City of Brantford; County of Brant; Norfolk (Port Dover) — TBD,not yet documented in heavymap recon,CA Brantford/Brant/Port Dover corridor (v1 framing) — NOT YET RECONNED,ON-Brantford|ON-Brant,gap,unknown,polygon_zone,,,,unknown,,unknown,unknown,full recon pass needed,full recon pass needed,,unknown,unclear,,catalogue_only,,v1 CA corridor completeness,P0,unknown,not_started,not_started,gap,unknown,unknown,,,,(gap — geography v1 framing; absent from niagara-atlas recon),niagaraassembly/heavymap,,,,,,,,,,NIA-10,missing,"PLACEHOLDER GAP ROW. Haldimand is nearest probed western edge. Needs dedicated recon. | NIA-10 roster pass (2026-09-23): all three now have live ArcGIS Hub portals confirmed to exist -- Brantford (data-brantford.opendata.arcgis.com), Brant County (catalogue-brant.hub.arcgis.com + sm.brant.ca MapServer), Norfolk County (data-norfolk.opendata.arcgis.com). Licence text and layer/record counts NOT yet field-verified live -- this is catalogue-existence only, same caution as the rest of this row's PLACEHOLDER status until a RECON-2026-08-22-style live pass is run. Port Dover itself has no separate portal (unincorporated community within Norfolk County). See heavymap-planning/07-jurisdiction-roster-v1.csv/.md for full detail.",,,,none,,,,,,,,,,,,"Needs live field-verification pass (record counts, licence text) per NIA-10 roster."
us_v1_counties_gap,,US v1 counties beyond Erie/Niagara (Chautauqua Cattaraugus Wyoming Genesee Orleans Monroe),NYS / county GIS (various),https://data.gis.ny.gov + county servers,"Chautauqua, Cattaraugus, Wyoming, Genesee, Orleans, Monroe NY",ON-Niagara-12|US-NY-Monroe|US-NY-v1-counties,full,parcels/zoning/facilities — coverage TBD per county in NYS Tax Parcels 38-county set,,,,,varies,file,FeatureServer / county GIS,unknown — not county-counted in 2026-08-19 recon,yes — extend Erie/Niagara playbook,extend Erie/Niagara playbook,,generally open,unclear,none,authoritative,NYS Tax Parcels Public (Erie industrial),v1 US county completeness,P1,unknown,not_started,not_started,gap,unit_spine,unit_spine,,,,niagara-atlas/us/DATA-SOURCES.md,niagaraassembly/heavymap,,,,,,,,,,NIA-10,missing,"GAP ROW. Recon verified Erie+Niagara only. Monroe method spike exists separately. | NIA-10 roster pass (2026-09-23): portals found for 5 of 6 -- Monroe (gishub-monroegis.hub.arcgis.com, resolves the open question from RECON-SPIKE-2026-08-27.md), Genesee (gis-data-cogeneseeny.hub.arcgis.com, best-postured), Chautauqua (maps.chautauquacounty.com, viewer only), Cattaraugus (maps2.cattco.org/parcel, FEE-BASED per-parcel), Wyoming (relies on statewide NYS Tax Parcels Public layer, participation unconfirmed). Orleans County: no portal found, thinnest of the six. None field-verified live yet. See heavymap-planning/07-jurisdiction-roster-v1.csv/.md. | CORRECTION 2026-09-23 (same day, later pass): the Monroe County portal identified earlier today (gishub-monroegis.hub.arcgis.com) is Monroe County, OHIO, not NY -- a decoy caught by checking the publisher field and bbox. Real Monroe County NY portal is maps.monroecounty.gov (self-hosted ArcGIS Enterprise) -- Parcels_Public feature service, 267,962 parcels including a county-wide totalassessedvalue field, live-verified.",nys_tax_parcels_erie,,,defines_unit,identity,,,,,,,,,,,"Needs live field-verification pass (record counts, licence text) per NIA-10 roster."
niagara_san_sps_catchments,,Niagara San SPS Catchments,Niagara Region,,Niagara Region (12 lower-tier),ON-Niagara-12,unknown,sanitary sewage pumping station catchment polygons,polygon_zone,,,,unknown,file,unknown (portal/FeatureServer TBD),,"yes — derive unit containment flags (D-5), do not ship network geometry",spatial_intersect ? boolean serviced/SPS-catchment on units,recompute,,unclear,none,authoritative,,serviced / underserviced dossier claims,P0,derive,not_started,not_started,candidate,constraint,constraint,,,,niagara-atlas/CANDIDATES.md; 03-omitted-layers-review.md §1,niagaraassembly/heavymap,,,,,,,,,,,missing,PROMOTED from omitted-layers review — fields stubby,,,,constrains_unit,servicing,,,,,,,,,,,
niagara_combined_sewage_overflows,,Niagara Combined Sewage Overflows,Niagara Region,,Niagara Region,ON-Niagara-12,unknown,CSO outfall / overflow event locations or catchments,point_business,,,,unknown,file,unknown,,yes — derive CSO-stress flag on nearby units,spatial_nearest / intersect ? cso_stress flag,recompute,,unclear,none,authoritative,,CSO-stressed servicing claims,P0,derive,not_started,not_started,candidate,constraint,constraint,,,,niagara-atlas/CANDIDATES.md; 03-omitted-layers-review.md §1,niagaraassembly/heavymap,,,,,,,,,,,missing,PROMOTED from omitted-layers review — fields stubby,,,,constrains_unit,servicing|risk,,,,,,,,,,,
hamilton_wastewater_cso_catchments,,Hamilton wastewater/CSO catchments (+ water pressure),City of Hamilton,,City of Hamilton,ON-Hamilton,unknown,wastewater / sanitation / CSO catchment polygons; water pressure districts (bundled),polygon_zone,,,,unknown,file,unknown (Open Hamilton TBD),,yes — bundle catchments + pressure districts; derive containment flags,spatial_intersect ? servicing/pressure flags on units,recompute,,unclear,none,authoritative,,Hamilton servicing / pressure dossier claims,P0,derive,not_started,not_started,candidate,constraint,constraint|enrich,,,,niagara-atlas/CANDIDATES-HAMILTON.md; 03-omitted-layers-review.md §1,niagaraassembly/heavymap,,,,,,,,,,,missing,PROMOTED from omitted-layers review — fields stubby; water pressure district bundled per promote list,,,,constrains_unit,servicing,,,,,,,,,,,
niagara_agricultural_land_base,,Agricultural Land Base,Niagara Region / OMAFRA (TBD),,Niagara Region,ON-Niagara-12,unknown,agricultural land base designation polygons,polygon_zone,,,,unknown,file,unknown,,yes — containment vs employment land,spatial_intersect ? ag_land_conflict flag,gitignore_raw,,unclear,none,authoritative,,why-not-industrial competing designation claims,P0,derive,not_started,not_started,candidate,constraint,constraint,,,,niagara-atlas/CANDIDATES.md; 03-omitted-layers-review.md §2,niagaraassembly/heavymap,,,,,,,,,,,missing,PROMOTED from omitted-layers review — fields stubby,,,,constrains_unit,land_use|risk,,,,,,,,,,,
niagara_municipal_boundaries,,Municipal Boundaries (Niagara 12),Niagara Region,,12 lower-tier municipalities in Niagara Region,ON-Niagara-12,full,municipal boundary polygons,polygon_zone,,municipality_name|municipality_code,,rare / boundary stable,file,GeoJSON/SHP TBD,,yes — cheap join key for every municipal source,CRS normalize; municipality_code attribute,commit_thin,,unclear,none,authoritative,,coverage_codes / muni join for all Niagara municipal layers,P0,ship,not_started,not_started,candidate,basemap,basemap|unit_spine,,,,niagara-atlas/CANDIDATES.md; 03-omitted-layers-review.md §2,niagaraassembly/heavymap,,,,,,,,,,NIA-10,missing,"PROMOTED from omitted-layers review — fields stubby | NIA-10 roster pass (2026-09-23): confirms all 12 Niagara lower-tier municipalities named in heavymap-planning/07-jurisdiction-roster-v1.csv; boundary-relevant portals (Niagara Region Municipal Boundaries layer, per-municipality boundaries where published) catalogued there.",,,,contextual_only,identity,,,,,,,,,,,"Needs live field-verification pass (record counts, licence text) per NIA-10 roster."
mto_buffer_controlled_areas,,MTO Buffer Controlled Areas (incl Lincoln approvals),Ontario Ministry of Transportation / municipal mirrors,,Niagara (QEW/406/405 corridors); Lincoln MTO approval lands as same object,ON-Niagara-12|ON-Lincoln,unknown,highway corridor buffer / MTO controlled area polygons,polygon_zone,,,,unknown,file,unknown,,yes — union NF buffer + Lincoln MTO approvals; containment flag,spatial_intersect ? mto_buffer flag,recompute,,unclear,none,authoritative,,highway setback hard-constraint claims,P0,derive,not_started,not_started,candidate,constraint,constraint,,,,niagara-atlas/CANDIDATES.md; 03-omitted-layers-review.md §3,niagaraassembly/heavymap,,,,,,,,,,,missing,PROMOTED from omitted-layers review — fields stubby; Lincoln approvals same analytical object,,,,constrains_unit,land_use|risk,,,,,,,,,,,
niagara_designated_heritage_properties,,Designated Heritage Properties (RGN),Niagara Region / lower-tier heritage registers,,Niagara Region (region-wide primary; municipal registers as join/fallback),ON-Niagara-12,unknown,designated heritage property points/parcels,address,,,,unknown,file,unknown,,yes — prefer containment boolean on units,geocode/spatial_intersect ? heritage_designated flag,recompute,,unclear,none,authoritative,,heritage delay/alteration cost claims,P0,derive,not_started,not_started,candidate,constraint,constraint,,,,niagara-atlas/CANDIDATES.md; 03-omitted-layers-review.md §5,niagaraassembly/heavymap,,,,,,,,,,,missing,PROMOTED from omitted-layers review — fields stubby,,,,constrains_unit,risk|history,,,,,,,nhle?listed fabric constraint near sites (containment boolean),,,,
niagara_region_transit_gtfs,,Niagara Region Transit GTFS,Niagara Region Transit,,Niagara Region transit service area,ON-Niagara-12,unknown,GTFS stops/routes/trips (or simplified routes+stops),point_business,,,,periodic GTFS publish,file,GTFS zip,,yes — stops/routes ? labour-access join pattern,GTFS parse; spatial_nearest stop distance on units,gitignore_raw,,unclear,none,authoritative,,workforce reach / transit access readings,P1,simplify,not_started,not_started,candidate,enrich,enrich,,,,niagara-atlas/CANDIDATES.md; 03-omitted-layers-review.md §4,niagaraassembly/heavymap,,,,,,,,,,,missing,PROMOTED from omitted-layers review — fields stubby,,,,attributes_unit,access,,,,,,,,,,,
niagara_development_charges_exemptions,,Development Charges / exemption areas,Niagara Region / lower-tier,,Niagara Region (DC + exemption/waiver geographies),ON-Niagara-12,unknown,development charge / exemption waiver area polygons,polygon_zone,,,,unknown,file,unknown,,yes — containment ? DC cost surface flags,spatial_intersect ? dc_exempt / dc_area attributes,recompute,,unclear,none,authoritative,,cost-of-development surface; pairs with employment CIP,P1,derive,not_started,not_started,candidate,enrich,enrich|constraint,,,,niagara-atlas/CANDIDATES.md; 03-omitted-layers-review.md §6,niagaraassembly/heavymap,,,,,,,,,,,missing,PROMOTED from omitted-layers review — fields stubby,,,,attributes_unit,land_use|business,,,,,,,,,,,
hamilton_city_properties,,Hamilton City Properties,City of Hamilton,,City of Hamilton,ON-Hamilton,unknown,city-owned property parcels/points,parcel,,,,unknown,file,unknown,,yes — public-land opportunity filter,key/spatial join to Hamilton Employment Lands / Addresses,gitignore_raw,,unclear,none,authoritative,Hamilton Addresses,public-land opportunity filter for Hamilton,P1,ship,not_started,not_started,candidate,enrich,enrich,,,,niagara-atlas/CANDIDATES-HAMILTON.md; 03-omitted-layers-review.md §6,niagaraassembly/heavymap,,,,,,,,,,,missing,PROMOTED from omitted-layers review — fields stubby; closes asymmetry vs NF City Owned Property,hamilton_addresses,,,attributes_unit,identity|business,,,,,,,,,,,
hamilton_urban_boundary,,Hamilton Urban Boundary,City of Hamilton,,City of Hamilton urban / rural settlement envelope,ON-Hamilton,unknown,urban boundary polygon (+ rural if cheap),polygon_zone,,,,unknown,file,unknown,,yes — parallel to Niagara Urban Area Boundaries,CRS normalize; containment flag,commit_thin,,unclear,none,authoritative,,settlement-envelope context for Hamilton units,P1,ship,not_started,not_started,candidate,basemap,basemap|constraint,,,,niagara-atlas/CANDIDATES-HAMILTON.md; 03-omitted-layers-review.md §8,niagaraassembly/heavymap,,,,,,,,,,,missing,PROMOTED from omitted-layers review — fields stubby,,,,contextual_only,land_use,,,,,,,,,,,
hamilton_licence_registers,,Hamilton licence registers (salvage/garages/trades),City of Hamilton,,City of Hamilton,ON-Hamilton,partial,licensed salvage yards; public garages; trade contractors (bundled),point_business,,,,unknown,file,CSV/table TBD,,yes — geocode vs Hamilton Addresses; partial business register until better source,geocode / address join ? point businesses,gitignore_raw,,unclear,business_claim_risk,authoritative,Hamilton Addresses,partial Hamilton site-level business layer (reduces OSM-only skew),P0,ship,not_started,not_started,recon_done,business,business,,,,niagara-atlas/CANDIDATES-HAMILTON.md; 03-omitted-layers-review.md §7,niagaraassembly/heavymap,,,,,,,,,,,missing,PROMOTED from omitted-layers review — fields stubby; bundle of #267–269,hamilton_addresses,,osm_industrial_places|hamilton_businesses_employee_count,attributes_unit,business,,,,,,,,,,,
hamilton_development_applications,,Hamilton Development Applications,City of Hamilton,,City of Hamilton,ON-Hamilton,unknown,development application points/polygons,parcel,,,,ongoing,REST,unknown (Open Hamilton / CityView TBD),,yes — live pipeline parallel to NF permits/apps,address/spatial join to units,gitignore_raw,,unclear,none,authoritative,,live Hamilton development pipeline on dossiers,P1,ship,not_started,not_started,candidate,enrich,enrich,,,,niagara-atlas/CANDIDATES-HAMILTON.md; 03-omitted-layers-review.md §8,niagaraassembly/heavymap,,,,,,,,,,,missing,PROMOTED from omitted-layers review — fields stubby,,,,attributes_unit,history|land_use,,,,,,,,,,,
