ledger_id,native_term,jurisdiction_or_source,joining_concept_id,relation,display_genre_default,notes,facet,counterpart_ids,evidence_level,evidence_ref,observed_on
LG-001,SBL,NYS Tax Parcels Public (statewide; Erie/Chautauqua/Wyoming/Genesee),assessment_roll_key,alias,neutral,"20-char SWIS+section/block/lot string, e.g. 04718000010330000000 (Erie/Akron sample). HeavyMap native_keys name is `sbl`. Default label is the neutral concept label, not 'Roll number': in NY 'roll' means the annual assessment roll (see false_friend rows for ROLL_YR/ROLL_SECTION).",compact_form,,live_verified,ArcGIS REST fields+query 2026-09-25 NYS_Tax_Parcels_Public/FeatureServer/1,2026-09-25
LG-002,PRINT_KEY,NYS Tax Parcels Public (statewide; Erie/Chautauqua/Wyoming/Genesee),assessment_roll_key,same,neutral,"Human-readable form of the same parcel id, e.g. 47.18-1-33. Zero-padding is county-specific (Erie 47.18-1-33; Monroe 046.02-3-5.2; Rochester 047.62-1-22): never string-compare across counties.",print_form,LG-001,live_verified,ArcGIS REST fields+query 2026-09-25 NYS_Tax_Parcels_Public/FeatureServer/1,2026-09-25
LG-003,SWIS_SBL_ID / SWIS_PRINT_KEY_ID,NYS Tax Parcels Public (statewide; Erie/Chautauqua/Wyoming/Genesee),assessment_roll_key,same,neutral,"Composite keys. The layer description says ORPTS tabular data was joined to county geometry on SWIS+SBL or SWIS+PRINT KEY: the composite, not SBL alone, is the state's own join key.",composite,LG-001,live_verified,ArcGIS REST fields+query 2026-09-25 NYS_Tax_Parcels_Public/FeatureServer/1,2026-09-25
LG-004,countysbl,Monroe County Parcels_Public,assessment_roll_key,near,neutral,26-digit string (e.g. 26280004602000030052000000) vs NYS 20-char SBL. Longer variant carrying county/municipal prefix; equivalence to SWIS+SBL is not verified. Do not equate in a join until normalised and tested.,compact_form,LG-001,live_verified,ArcGIS REST fields+query 2026-09-25 maps.monroecounty.gov Hosted/Parcels_Public/FeatureServer/0,2026-09-25
LG-005,printkey,Monroe County Parcels_Public,assessment_roll_key,same,neutral,Same print-key form as NYS PRINT_KEY but padded differently (046.02-3-5.2).,print_form,LG-002,live_verified,ArcGIS REST fields+query 2026-09-25 maps.monroecounty.gov Hosted/Parcels_Public/FeatureServer/0,2026-09-25
LG-006,PARCELID,City of Rochester TaxParcel2024,assessment_roll_key,alias,neutral,"20-digit string (04762000010220000000) with the same shape as NYS SBL, beside PRINTKEY 047.62-1-22. Shape match only: cross-layer equality with NYS SBL not tested (Rochester is absent from the statewide layer).",compact_form,LG-001,live_verified,ArcGIS REST fields+query 2026-09-25 maps.cityofrochester.gov Open_Data/TaxParcel2024/FeatureServer/0,2026-09-25
LG-007,PRINTKEY,City of Rochester TaxParcel2024,assessment_roll_key,same,neutral,"Print form, zero-padded like Monroe (047.62-1-22).",print_form,LG-002,live_verified,ArcGIS REST fields+query 2026-09-25 maps.cityofrochester.gov Open_Data/TaxParcel2024/FeatureServer/0,2026-09-25
LG-008,ROLL_NUMBER,City of St. Catharines Parcel Fabric Public,assessment_roll_key,alias,neutral,"19-digit Ontario roll number (2629020007074000000) exposed as an attribute of an OPEN municipal parcel layer. The key is therefore observable even though MPAC assessment data is not licensed (see 12, proposal on splitting the roll-key claim from MPAC data).",full_19,LG-001,live_verified,ArcGIS REST fields+query 2026-09-25 services6.arcgis.com/Yx1h0qHJ9wIpQWuU Parcel_Fabric_Public/FeatureServer/0,2026-09-25
LG-009,ROLLNUMFUL,Norfolk County Parcels,assessment_roll_key,alias,neutral,"19-digit roll number (3310492007183000000). Same layer also publishes ROLLNUMSHO, RollNum15, ROLLNUM11: four renderings of one key.",full_19,LG-001,live_verified,ArcGIS REST fields+query 2026-09-25 services1.arcgis.com/mSGV2hCLXHNsfQqK Parcels/FeatureServer/0,2026-09-25
LG-010,ROLLNUMSHO / RollNum15 / ROLLNUM11,Norfolk County Parcels,assessment_roll_key,same,neutral,"Short forms of ROLLNUMFUL: 007-18300 (short), 331049200718300 (15 = full minus trailing 0000), 49200718300 (11). Normalise to one canonical form before joining to Haldimand/St. Catharines.",short_forms,LG-009,live_verified,ArcGIS REST fields+query 2026-09-25 services1.arcgis.com/mSGV2hCLXHNsfQqK Parcels/FeatureServer/0,2026-09-25
LG-011,RollNumber / PCL_RN,Haldimand County ParcelsOnlinePublic,assessment_roll_key,alias,neutral,"15-digit form (331001075100000); PCL_RN equalled RollNumber on all 6 sampled rows. The leading digits vary across samples (3310..., 1580..., 0220..., 0240...) and Norfolk's begin 3310: the prefix may encode the former municipality, not verified.",compact_15,LG-010,live_verified,ArcGIS REST fields+query 2026-09-25 gis.haldimandcounty.ca Topo/ParcelsOnlinePublic/FeatureServer/0,2026-09-25
LG-012,MPAC roll number / ARN (Ontario-wide),MPAC (product not held); the number itself is observed in NPCA layers,assessment_roll_key,alias,neutral,"MPAC's Assessment Roll Number (ARN) is the province-wide source of the roll number. The MPAC product is fee-based and closed and the spine treats MPAC roll data as `not_licensed`, but see the NPCA rows: an MPAC-derived parcel fabric carrying ARN is publicly reachable.",authority,LG-008,documented,"niagara-atlas/DATA-SOURCES.md; 08 ds_ontario_mpac; docs/architecture/parcel-identity-spine.md; ArcGIS REST fields+count+item metadata 2026-09-25 services1.arcgis.com/d0ZCwU7eGKVeNiEE Assessment_Parcels_Test/0, Parcels_Cityview/0, Regulated_Floodplain_Extent/1, NPCA_APPROXIMATE_REGULATION_LANDS/0",2026-09-25
LG-013,PROPGISID,City of St. Catharines Parcel Fabric / Landuse / Zoning,parcel_gis_key,same,ca,"13-char id (0795000040000) shared by the parcel, landuse and zoning layers of one publisher: the in-publisher join key. Distinct from ROLL_NUMBER in the same row; PROPERTYID is a third id.",publisher_gis_id,,live_verified,ArcGIS REST fields+query 2026-09-25 services6.arcgis.com/Yx1h0qHJ9wIpQWuU Parcel_Fabric_Public/FeatureServer/0; ArcGIS REST fields 2026-09-25 services6.arcgis.com/Yx1h0qHJ9wIpQWuU City_Parcel_Landuse_Public/FeatureServer/0,2026-09-25
LG-014,pID,City of Niagara Falls (ON) parcel id table,parcel_gis_key,alias,ca,"Integer. Niagara Falls' open parcel table (pID, ADDRESS, Street_No, STREET_NAME, AREA_SQM) shows no roll number field.",publisher_gis_id,LG-013,live_verified,ArcGIS REST fields 2026-09-25 services9.arcgis.com/oMFQlUUrLd1Uh1bd Niagara_Falls_Property_Parcels/FeatureServer/0,2026-09-25
LG-015,MUNI_PARCEL_ID,NYS Tax Parcels Public (statewide; Erie/Chautauqua/Wyoming/Genesee),parcel_gis_key,near,us,Field present in the state layer; values not sampled this pass. Treat as the municipality's own parcel id until read.,municipal_id,LG-013,live_verified,ArcGIS REST fields+query 2026-09-25 NYS_Tax_Parcels_Public/FeatureServer/1,2026-09-25
LG-016,OBJECTID / GlobalID / FID / Obj_id / GSmartID,ArcGIS services; NEI 2017-2019,publisher_row_id,same,neutral,"System row ids, not domain keys. Excluded from joins. GSmartID repeated for the same premises in the 2017 and 2019 NEI samples (11327946, 11306507) and is absent in 2022 (GlobalID instead): observed, not evaluated as a key.",system_row_id,,live_verified,CSV header (HTTP Range 0-1400) 2026-09-25 niagaraopendata.ca nei2017/nei2019/nei2022.csv,2026-09-25
LG-017,PARCELCLASS,County of Brant Parcels,parcel_fabric_flag,false_friend,neutral,"Only distinct value in the layer is 'LAND'. It flags the fabric record type, not an assessment class or use. The layer carries no roll number or other key beside GLOBALID. Easily mistaken for NY PROP_CLASS.",fabric_type,LG-071,live_verified,ArcGIS REST fields+distinct 2026-09-25 services1.arcgis.com/ZG34JIhRAfwP1ItJ Brant_County_Parcels_view/FeatureServer/0,2026-09-25
LG-018,Status,Haldimand County ParcelsOnlinePublic,parcel_fabric_flag,same,ca,'Existing' on sampled rows: record-lifecycle flag of the fabric.,fabric_status,LG-017,live_verified,ArcGIS REST fields+query 2026-09-25 gis.haldimandcounty.ca Topo/ParcelsOnlinePublic/FeatureServer/0,2026-09-25
LG-019,SWIS,NYS Tax Parcels Public (statewide; Erie/Chautauqua/Wyoming/Genesee),assessing_unit_code,same,us,"6-digit code (145601 on the Akron rows, MUNI_NAME Akron). New York's own; Ontario has no shared code (INTEGRATION.md). CITYTOWN_SWIS is the parent city/town code.",code,,live_verified,ArcGIS REST fields+query 2026-09-25 NYS_Tax_Parcels_Public/FeatureServer/1,2026-09-25
LG-020,swis,Monroe County Parcels_Public,municipality_label,false_friend,neutral,"Same field name as NYS SWIS, but holds names ('Town of Greece', 'Village of East Rochester'), not codes. A join on `swis` between Monroe and the statewide layer silently fails.",name_not_code,LG-019,live_verified,ArcGIS REST fields+query 2026-09-25 maps.monroecounty.gov Hosted/Parcels_Public/FeatureServer/0,2026-09-25
LG-021,MUNI_NAME / CITYTOWN_NAME,NYS Tax Parcels Public (statewide; Erie/Chautauqua/Wyoming/Genesee),municipality_label,same,us,"Municipality text, not a key. Spine jurisdiction slug is minted separately.",text,,live_verified,ArcGIS REST fields+query 2026-09-25 NYS_Tax_Parcels_Public/FeatureServer/1,2026-09-25
LG-022,municipality / Municipality,Niagara Region NEI (all editions),municipality_label,same,ca,Text such as 'St Catharines' (no period) and 'Fort Erie'. Spelling not normalised to the spine slug (st-catharines).,text,LG-021,live_verified,CSV header (HTTP Range 0-1400) 2026-09-25 niagaraopendata.ca nei2017/nei2019/nei2022.csv,2026-09-25
LG-023,businessstreetnumber + businessstreetname + businessunit,Niagara Region NEI,civic_address,same,ca,Split columns. Address restyling ('2 Broadway' -> '2 Broadway Street') produced false departures; identifier join wins over normalized_address.,split_parts,,documented,"niagara-atlas/logs/2026-08-23.md sections 05, 16; CSV header (HTTP Range 0-1400) 2026-09-25 niagaraopendata.ca nei2017/nei2019/nei2022.csv",2026-09-25
LG-024,PARCEL_ADDR / LOC_ST_NBR / LOC_STREET / LOC_UNIT,NYS Tax Parcels Public (statewide; Erie/Chautauqua/Wyoming/Genesee),civic_address,same,ca,Site address parts plus a joined string.,split_parts,LG-023,live_verified,ArcGIS REST fields+query 2026-09-25 NYS_Tax_Parcels_Public/FeatureServer/1,2026-09-25
LG-025,"parceladdress* (ParcelAddress, ...Number, ...StreetName, ...Unit)",Monroe County Parcels_Public,civic_address,same,ca,Fully split address; adds parceladdressstate.,split_parts,LG-024,live_verified,ArcGIS REST fields+query 2026-09-25 maps.monroecounty.gov Hosted/Parcels_Public/FeatureServer/0,2026-09-25
LG-026,SITEADDRESS / STREET_NUM / STREET_NAME,City of Rochester TaxParcel2024,civic_address,same,ca,Site address parts; LOW_STREET_NUM / HIGH_STREET_NUM cover ranges.,split_parts,LG-024,live_verified,ArcGIS REST fields+query 2026-09-25 maps.cityofrochester.gov Open_Data/TaxParcel2024/FeatureServer/0,2026-09-25
LG-027,StreetAddress / StreetNumber / StreetName,Haldimand County ParcelsOnlinePublic,civic_address,same,ca,Civic address parts (IssCivic flag present).,split_parts,LG-024,live_verified,ArcGIS REST fields+query 2026-09-25 gis.haldimandcounty.ca Topo/ParcelsOnlinePublic/FeatureServer/0,2026-09-25
LG-028,Legal1..Legal8 / LegalAddress,Haldimand County ParcelsOnlinePublic,legal_description,alias,ca,Legal description lines: a different object from the civic address despite the field name 'LegalAddress'. Contents not sampled.,lot_concession_text,LG-029,live_verified,ArcGIS REST fields+query 2026-09-25 gis.haldimandcounty.ca Topo/ParcelsOnlinePublic/FeatureServer/0,2026-09-25
LG-029,description1 / description2 / description3,Monroe County Parcels_Public,legal_description,alias,ca,"Values look like 'L44 T2 D2 Short Range', 'Lot 100 Twp 1 Sh Rng': lot/township/range legal text, not a use description.",lot_town_range_text,LG-028,live_verified,ArcGIS REST fields+query 2026-09-25 maps.monroecounty.gov Hosted/Parcels_Public/FeatureServer/0,2026-09-25
LG-030,nei_id,Niagara Region NEI 2022 (consolidated),premises_register_key,same,ca,"Anchor. Integer. Keys a premises record, not a business: between the 2019 and 2022 editions 544 ids kept the id but changed business name, against 121 departures. Only the identifier join is safe; the fixture already uses join_method `identifier`.",local_survey,,documented,niagara-atlas/logs/2026-08-23.md section 05; CSV header (HTTP Range 0-1400) 2026-09-25 niagaraopendata.ca nei2017/nei2019/nei2022.csv,2026-09-25
LG-031,NEI_ID,"Niagara Region NEI 2017, 2018, 2019",premises_register_key,same,ca,Edition-to-edition renaming: NEI_ID (2017-2019) vs nei_id (2022). A first cross-year analysis returned 0 departures because of this. Normalise by lower-casing and stripping underscores.,edition_casing,LG-030,live_verified,CSV header (HTTP Range 0-1400) 2026-09-25 niagaraopendata.ca nei2017/nei2019/nei2022.csv,2026-09-25
LG-032,ID,City of Welland Business Directory,premises_register_key,alias,ca,"Integer record id of a second local business register. Same concept (premises-level register key), but NO shared key with nei_id: concept-level unity does not make the two registers joinable (offline agreement ~29%).",local_directory,LG-030,live_verified,ArcGIS REST fields 2026-09-25 arcgisweb.welland.ca OPENDATA_Business_Layers/MapServer/2; agreement figure: Docs from Grok Bot/04-uk-capability-glean.md,2026-09-25
LG-033,"LICENSE_NUMBER (+ LICENSE_TYPE, BUSINESS_NAME, BUSINESS_ADDRESS, EXPIRY_DATE)","City of Hamilton licence registers (Salvage Yards 12, Public Garages 578, Trade Contractors and Masters 654 rows)",premises_register_key,near,ca,"Licence-level key, not premises-level: a business can hold licences and the address is free text. These are tables with no geometry, so any link to a unit is `normalized_address`, the weakest method. Not the Hamilton business inventory the spine says is missing. EXPIRY_DATE is a licence expiry, not a closure.",licence_register,LG-030,live_verified,"ArcGIS REST fields+count 2026-09-25 services.arcgis.com/rYz782eMbySr2srL Licensed_Salvage_Yards/11, Licensed_Public_Garages/8, Licensed_Trade_Contractors_and_Masters/1",2026-09-25
LG-034,tri_facility_id,EPA TRI facility (Envirofacts),premises_register_key,near,us,"Regulator's key for a reporting facility, e.g. 14001PRRYSONEIC. Premises-level like nei_id but a regulatory registration; one site may host several NEI premises or none.",regulatory,LG-030,live_verified,Envirofacts REST 2026-09-25 data.epa.gov/efservice/tri_facility/state_abbr/NY/county_name/ERIE,2026-09-25
LG-035,epa_registry_id / frs_id,EPA TRI facility (Envirofacts),premises_register_key,near,us,"EPA Facility Registry id, the cross-program key. On the first sample row epa_registry_id was populated and frs_id null: do not assume either.",regulatory_cross_program,LG-034,live_verified,Envirofacts REST 2026-09-25 data.epa.gov/efservice/tri_facility/state_abbr/NY/county_name/ERIE,2026-09-25
LG-036,NPRI ID / ID INRP,ECCC NPRI reporting facilities (Geolocations file),premises_register_key,near,ca,"Facility key, integer (e.g. 4636). Headers are bilingual in one cell ('NPRI ID / ID INRP'): keep the whole string as native_field_name. Same fields also carry Company Name, Facility Name, address, NAICS, latitude/longitude and datum. Above-threshold reporters only; 'Year of last filed report' is the only recency signal.",regulatory,LG-034,live_verified,ECCC data mart API + HTTP Range header read 2026-09-25 (data-donnees.az.ec.gc.ca/api/file): NPRI-INRP_GeolocationsGeolocalisation_1993-present.csv; NPRI-INRP_DataDonnees_2024.csv,2026-09-25
LG-037,ESTAB ('Number of establishments'),US Census CBP 2022,jurisdiction_activity_aggregate,false_friend,neutral,"Uses the word 'establishment' but exposes only counts by NAICS x county x size class. No key, no unit rows. Not a member of premises_register_key.",count_not_key,LG-030,live_verified,Census API variables.json 2026-09-25 api.census.gov/data/2022/cbp (data queries now need a key),2026-09-25
LG-038,DEC_ID / CBSNO / PBSNO / SITE_ID / AUTHORIZATION_NUMBER,"NYS DEC registries: Air, Chemical Bulk Storage, Petroleum Bulk Storage, TSDF, Regulated Transfer",premises_register_key,near,us,"Five registry families, five different key names, so one concept spans them. Service layer ids also differ (Air 0, CBS 0, PBS 1, TSDF 2, Transfer 13). Points, except TSDFs which are polygons.",regulatory,LG-034,live_verified,"ArcGIS REST fields 2026-09-25 services6.arcgis.com/DZHaqZm9cxOD4CWM Air_Facility_Registrations/0, Chemical_Bulk_Storage_Facility/0, Petroleum_Bulk_Storage_Facility/1, ...TSDFs/2, Regulated_Transfer_Facilities/13",2026-09-25
LG-039,primarynaics / PrimaryNAICS,Niagara Region NEI,industry_classification,same,ca,"6-digit NAICS (621210). NAICS edition not stated per NEI vintage. secondarynaics is 0 when absent (sentinel, not a code).",naics_code,,live_verified,CSV header (HTTP Range 0-1400) 2026-09-25 niagaraopendata.ca nei2017/nei2019/nei2022.csv,2026-09-25
LG-040,industry / primarysector / NAICS_Keyword,Niagara Region NEI,industry_classification,same,ca,Text titles of the NAICS code ('Offices of dentists') and 2-digit sector ('Health care and social assistance'). NAICS_Keyword exists in the 2019 edition only.,naics_title_text,LG-039,live_verified,CSV header (HTTP Range 0-1400) 2026-09-25 niagaraopendata.ca nei2017/nei2019/nei2022.csv,2026-09-25
LG-041,NAICS2017,US Census CBP 2022,industry_classification,same,ca,"NAICS 2017 edition, aggregate rows. Same code system as NEI: the closest thing to a common language (INTEGRATION.md).",naics_code,LG-039,live_verified,Census API variables.json 2026-09-25 api.census.gov/data/2022/cbp (data queries now need a key),2026-09-25
LG-042,SectorDescription,City of Welland Business Directory,industry_classification,near,ca,Sector text; not shown to be NAICS. Values not sampled.,free_text_sector,LG-039,live_verified,ArcGIS REST fields 2026-09-25 arcgisweb.welland.ca OPENDATA_Business_Layers/MapServer/2,2026-09-25
LG-043,PROP_CLASS 700-799 ('industrial'),NYS Tax Parcels Public (statewide; Erie/Chautauqua/Wyoming/Genesee),assessment_property_class,false_friend,neutral,"700-series is an assessment class, not an industry code. A 710 parcel is not evidence of NAICS 31-33 activity, and a NAICS 33 register row is not evidence of class 700.",not_industry_code,LG-039,documented,niagara-atlas/INTEGRATION.md section 4,2026-09-25
LG-044,sizerangeemployees,Niagara Region NEI 2022,employment_size_band,same,ca,"Bands such as 'Micro (1-4 Employees)', 'Small (5-99 Employees)'. Feeds employment_interval as a range, never as a point value.",text_band,,live_verified,CSV header (HTTP Range 0-1400) 2026-09-25 niagaraopendata.ca nei2017/nei2019/nei2022.csv,2026-09-25
LG-045,EmployeeSizeRange,Niagara Region NEI 2019,employment_size_band,same,ca,Renamed field. Values include '0 Employees' and 'Business Permanently Closed': one field doubles as a band and a status flag. 'Closed' may only be shown as a quotation of the register.,text_band,LG-044,live_verified,CSV header (HTTP Range 0-1400) 2026-09-25 niagaraopendata.ca nei2017/nei2019/nei2022.csv,2026-09-25
LG-046,SizeRange_Employees,"Niagara Region NEI 2017, 2018",employment_size_band,same,ca,"Renamed again. Values include 'Undetermined' (a refusal-like value, not a band). The 2017 file's _z column reads -9999 throughout the sample (sentinel).",text_band,LG-044,live_verified,CSV header (HTTP Range 0-1400) 2026-09-25 niagaraopendata.ca nei2017/nei2019/nei2022.csv,2026-09-25
LG-047,IsAggregateEmployeeCount / AggregateEmployeeCount,Niagara Region NEI 2019 / 2017,employment_size_band,near,ca,Flag or count that a record aggregates several premises' employment. Semantics not read; may affect how an employment range may be attached.,aggregate_flag,LG-045,live_verified,CSV header (HTTP Range 0-1400) 2026-09-25 niagaraopendata.ca nei2017/nei2019/nei2022.csv,2026-09-25
LG-048,FullTime / PartTime / Seasonal,City of Welland Business Directory,employment_size_band,near,ca,"Integer counts, not a band. Convertible to an interval only with a stated method; must not be summed with NEI bands.",counts,LG-044,live_verified,ArcGIS REST fields 2026-09-25 arcgisweb.welland.ca OPENDATA_Business_Layers/MapServer/2,2026-09-25
LG-049,NUM_1_4 ... NUM_500_PLUS / TOTAL_NUMBER_OF_BUSINESSES,City of Hamilton Businesses by Employee Count,employment_size_band,near,ca,"Counts of businesses per band for the city: aggregate grain, cannot attach to a parcel. Band edges (1-4, 5-9, 10-19, 20-49, 50-99, 100-199, 200-499, 500+) differ from NEI's 'Small (5-99)'.",aggregate_by_band,LG-044,live_verified,ArcGIS REST fields 2026-09-25 services.arcgis.com/rYz782eMbySr2srL Businesses_by_Employee_Count/FeatureServer/10,2026-09-25
LG-050,EMPSZES / EMP,US Census CBP 2022,employment_size_band,near,us,"'Employment size of establishments code' plus employee counts, by county and NAICS. Aggregate only.",aggregate_by_band,LG-049,live_verified,Census API variables.json 2026-09-25 api.census.gov/data/2022/cbp (data queries now need a key),2026-09-25
LG-051,fac_closed_ind,EPA TRI facility (Envirofacts),regulatory_activity_register,alias,us,"'0'/'1' indicator. 'Closed' is register-quotation-only: render as the register's own statement with stamp, never as a summary.",closure_indicator,LG-045,live_verified,Envirofacts REST 2026-09-25 data.epa.gov/efservice/tri_facility/state_abbr/NY/county_name/ERIE,2026-09-25
LG-052,pref_latitude / pref_longitude / pref_accuracy / pref_collect_meth,EPA TRI facility (Envirofacts),regulatory_activity_register,same,us,"Point plus the regulator's own accuracy fields (pref_accuracy 150 and collect method UN on the sample row; unit not verified). Argues for an accuracy-gated join, not blind point_in_polygon.",point_location_quality,,live_verified,Envirofacts REST 2026-09-25 data.epa.gov/efservice/tri_facility/state_abbr/NY/county_name/ERIE,2026-09-25
LG-053,"Air Emissions - Total / Water Releases / Land Releases (+ Units, CAS Number, Substance Name)",ECCC NPRI single-year data tables 2020-2024,regulatory_activity_register,near,ca,"Per-facility, per-substance annual quantities with a Units column: never sum across substances or units. Above-threshold reporters only: corroboration, not a register of industry. NPRI also carries NAICS 4 and 6 and Census division/subdivision ids (see the statistical-geography rows).",release_report,LG-052,live_verified,ECCC data mart API + HTTP Range header read 2026-09-25 (data-donnees.az.ec.gc.ca/api/file): NPRI-INRP_GeolocationsGeolocalisation_1993-present.csv; NPRI-INRP_DataDonnees_2024.csv,2026-09-25
LG-054,id / Description / Year / Bus_count,City of Welland Business Licenses (type by year),jurisdiction_activity_aggregate,same,ca,"Open licence data is an aggregate: counts of licences by type and year, no business rows. MCS row welland_business_licences (blocked, 'listed in DCAT but not cached') is a different item. So Welland licence records are not publicly held.",licence_counts,LG-055,live_verified,ArcGIS REST fields 2026-09-25 arcgisweb.welland.ca OPENDATA_Business_License_Type_Year/MapServer/1,2026-09-25
LG-055,ESTAB / EMP / PAYANN by NAICS x county,US Census CBP 2022,jurisdiction_activity_aggregate,same,us,"County-grain counts. Not a claim about any parcel. See 12: aggregates feed readings/validation, not parcel claims.",county_aggregate,,live_verified,Census API variables.json 2026-09-25 api.census.gov/data/2022/cbp (data queries now need a key),2026-09-25
LG-056,(StatCan NAICS-keyed tables),Statistics Canada,jurisdiction_activity_aggregate,same,ca,"Aggregate statistics, not geolocated establishments.",census_aggregate,LG-055,documented,niagara-atlas/RECON-2026-08-22.md,2026-09-25
LG-057,Zoning,City of Welland Current Zoning (By-law 2017-117),zoning_district,same,ca,"Anchor. String such as H-RH-111: holding prefix, zone and exception number packed into one value, so modifiers are not separate fields. One sampled polygon has all attributes null: a gap, never a zone.",code,,live_verified,ArcGIS REST fields+query 2026-09-25 arcgisweb.welland.ca OPENDATA_Consolidated_Zoning/MapServer/2,2026-09-25
LG-058,ZoneCat / ZoneCatSym / ZoneDesc,City of Welland Current Zoning,zoning_district,same,ca,'Residential Zones' / 'RH' / 'Residential High Density'. Category and description are labels of the code.,category_label,LG-057,live_verified,ArcGIS REST fields+query 2026-09-25 arcgisweb.welland.ca OPENDATA_Consolidated_Zoning/MapServer/2,2026-09-25
LG-059,ZONING_CODE / ZONING_DESC,City of Hamilton Zoning By-law Boundary,zoning_district,same,ca,"Codes are only meaningful with the by-law: PARENT_BY_LAW_NUMBER has a coded domain of eight by-laws (05-200, 1964, 3581-86 Dundas, 6593 Former Hamilton, ...).",code,LG-057,live_verified,ArcGIS REST fields 2026-09-25 services.arcgis.com/rYz782eMbySr2srL Zoning_By_law_Boundary/FeatureServer/1,2026-09-25
LG-060,PARENT_BY_LAW_NUMBER / BY_LAW_NUMBER,City of Hamilton Zoning By-law Boundary,zoning_district,same,ca,By-law reference: a zone code without it is not comparable. Niagara Falls (four by-laws unioned) has the same trap.,by_law_ref,LG-059,live_verified,ArcGIS REST fields 2026-09-25 services.arcgis.com/rYz782eMbySr2srL Zoning_By_law_Boundary/FeatureServer/1,2026-09-25
LG-061,"EXCEPTION1..3 / HOLDING1..3 (+ _BYLAW, _URL)",City of Hamilton Zoning By-law Boundary,zoning_site_modifier,same,ca,"Anchor. Exceptions and holding provisions are separate fields with by-law and URL, modifying the zone claim.",exception_holding,,live_verified,ArcGIS REST fields 2026-09-25 services.arcgis.com/rYz782eMbySr2srL Zoning_By_law_Boundary/FeatureServer/1,2026-09-25
LG-062,ZONING / STATUS,County of Brant Zoning,zoning_district,same,ca,Two fields only. STATUS values not read.,code,LG-057,live_verified,ArcGIS REST fields 2026-09-25 services1.arcgis.com/ZG34JIhRAfwP1ItJ Zoning/FeatureServer/0,2026-09-25
LG-063,ZoneCode,Niagara County NY parcels (own server),zoning_district,same,ca,Zoning code carried on a US county parcel record; often blank per 08. Server returned 'Token Required' on 2026-09-25 (its ArcGIS component behind the folder listing was refusing connections): treat as an outage until re-checked.,code,LG-057,documented,08 ds_niagara_ny; ArcGIS REST 2026-09-25 (error 499),2026-09-25
LG-064,BISZONING,City of Rochester TaxParcel2024,zoning_district,near,ca,"City zoning code (H-V, M-1) stored on an assessment snapshot: vintage is the snapshot's, not the by-law's. Codes are Rochester's own system.",code_on_assessment_record,LG-057,live_verified,ArcGIS REST fields+query 2026-09-25 maps.cityofrochester.gov Open_Data/TaxParcel2024/FeatureServer/0,2026-09-25
LG-065,"Zoning 'L1 Light Industrial' / ZONING_DESC 'Light And Limited Heavy Industry, Etc.'",Welland; Hamilton,zoning_district,false_friend,neutral,'Industrial' here is a permitted-use regime under a by-law. In NY 'industrial' (700-799) is an assessed use class. A parcel can be one and not the other.,industrial_word,LG-071,documented,niagara-atlas/INTEGRATION.md section 4; logs/2026-08-23.md section 06,2026-09-25
LG-066,DESIGNAT,City of Niagara Falls OP Schedule A Land Use,official_plan_designation,same,ca,"Anchor. Designation from the Official Plan, a policy layer, not zoning.",designation,,live_verified,ArcGIS REST fields 2026-09-25 services9.arcgis.com/oMFQlUUrLd1Uh1bd Niagara_Falls_Official_Plan_Schedule_A_Land_Use/FeatureServer/0,2026-09-25
LG-067,"OP_Designation (+ Within_SAB, SAB_Type, Within_BUA)",County of Brant Land Use Designation,official_plan_designation,same,ca,Designation plus settlement-area / built-up-area flags on the same polygons.,designation,LG-066,live_verified,ArcGIS REST fields 2026-09-25 services1.arcgis.com/ZG34JIhRAfwP1ItJ Land_Use_Designation/FeatureServer/0,2026-09-25
LG-068,DISTRICT_LANDUSE_DESIGNATION / GENERAL_LANDUSE_DESIGNATION,City of St. Catharines Parcel Landuse,official_plan_designation,same,ca,Two levels (district and general) on one parcel row keyed by PROPGISID.,two_level_designation,LG-066,live_verified,ArcGIS REST fields 2026-09-25 services6.arcgis.com/Yx1h0qHJ9wIpQWuU City_Parcel_Landuse_Public/FeatureServer/0,2026-09-25
LG-069,Adopted_OP / Other_Use,City of Welland OP Schedule B,official_plan_designation,same,ca,Designation fields on Schedule B.,designation,LG-066,live_verified,ArcGIS REST fields 2026-09-25 arcgisweb.welland.ca OPENDATA_Official_Plan/MapServer/2,2026-09-25
LG-070,SiteSpec,City of Welland OP Schedule B,official_plan_designation,near,ca,"OP site-specific policy marker: analogous to a zoning exception but belongs to the plan, not the by-law.",site_specific_policy,LG-061,live_verified,ArcGIS REST fields 2026-09-25 arcgisweb.welland.ca OPENDATA_Official_Plan/MapServer/2,2026-09-25
LG-071,PROP_CLASS,NYS Tax Parcels Public (statewide; Erie/Chautauqua/Wyoming/Genesee),assessment_property_class,same,us,"Anchor. 3-digit string ('710'); code only, no description in this layer. Assessment class: not zoning, not NAICS.",code,,live_verified,ArcGIS REST fields+query 2026-09-25 NYS_Tax_Parcels_Public/FeatureServer/1,2026-09-25
LG-072,propertyclass / propertyclassdescription,Monroe County Parcels_Public,assessment_property_class,same,us,"Integer 710 'Manufacture', 714 'Lite Ind Manftr'. Description strings differ from Rochester's for the same code.",code_and_label,LG-071,live_verified,ArcGIS REST fields+query 2026-09-25 maps.monroecounty.gov Hosted/Parcels_Public/FeatureServer/0,2026-09-25
LG-073,CLASSCD / CLASSDSCRP,City of Rochester TaxParcel2024,assessment_property_class,same,us,"710 'Manufacturer'. Label drift for one code across publishers: display the code's native label, not a merged one.",code_and_label,LG-072,live_verified,ArcGIS REST fields+query 2026-09-25 maps.cityofrochester.gov Open_Data/TaxParcel2024/FeatureServer/0,2026-09-25
LG-074,PROPERTYTYPE / RESCOM,City of Rochester TaxParcel2024,assessment_property_class,near,us,Same rows read PROPERTYTYPE 'Industrial' and RESCOM 'C': coarse categories disagree within a record. Do not equate 'industrial' and 'commercial' buckets.,coarse_category,LG-073,live_verified,ArcGIS REST fields+query 2026-09-25 maps.cityofrochester.gov Open_Data/TaxParcel2024/FeatureServer/0,2026-09-25
LG-075,PropCode,NPCA Parcels Cityview (MPAC Digital Assessment Parcel Fabric),assessment_property_class,near,ca,"3-digit MPAC property code, 218 distinct values across the layer (leading digits 1 to 8; the code table was not read, so meanings are unverified). This is the first Ontario assessment-class value observed in an open layer. Not comparable code-for-code with NY PROP_CLASS.",code_3digit,LG-071,live_verified,"ArcGIS REST fields+count+item metadata 2026-09-25 services1.arcgis.com/d0ZCwU7eGKVeNiEE Assessment_Parcels_Test/0, Parcels_Cityview/0, Regulated_Floodplain_Extent/1, NPCA_APPROXIMATE_REGULATION_LANDS/0",2026-09-25
LG-076,USED_AS_CODE / USED_AS_DESC,NYS Tax Parcels Public (statewide; Erie/Chautauqua/Wyoming/Genesee),assessment_use_descriptor,same,us,"Building-use code inside a class: F09 'Light mfg', F03 'Dstr wrhouse', E02 'Walk-up off' all occurred on class 710 parcels. Class and use can disagree inside one record.",code_and_label,LG-071,live_verified,ArcGIS REST fields+query 2026-09-25 NYS_Tax_Parcels_Public/FeatureServer/1,2026-09-25
LG-077,TOTAL_AV / LAND_AV,NYS Tax Parcels Public (statewide; Erie/Chautauqua/Wyoming/Genesee),assessed_value,same,us,Assessed values in roll-year dollars.,assessed,,live_verified,ArcGIS REST fields+query 2026-09-25 NYS_Tax_Parcels_Public/FeatureServer/1,2026-09-25
LG-078,FULL_MARKET_VAL,NYS Tax Parcels Public (statewide; Erie/Chautauqua/Wyoming/Genesee),assessed_value,near,us,"A market-value estimate carried on the roll, not the assessed value. Keep apart in calculations.",market_estimate,LG-077,live_verified,ArcGIS REST fields+query 2026-09-25 NYS_Tax_Parcels_Public/FeatureServer/1,2026-09-25
LG-079,totalassessedvalue / landassessedvalue,Monroe County Parcels_Public,assessed_value,same,us,"County-wide assessed value (267,962 parcels per 08).",assessed,LG-077,live_verified,ArcGIS REST fields+query 2026-09-25 maps.monroecounty.gov Hosted/Parcels_Public/FeatureServer/0,2026-09-25
LG-080,CURRENT_TOTAL_VALUE / CURRENT_LAND_VALUE / CURRENT_TAXABLE_VALUE,City of Rochester TaxParcel2024,assessed_value,near,us,TAXABLE_VALUE is not the assessed value (exemptions). Tentative values also present.,assessed_and_taxable,LG-077,live_verified,ArcGIS REST fields+query 2026-09-25 maps.cityofrochester.gov Open_Data/TaxParcel2024/FeatureServer/0,2026-09-25
LG-081,MPAC assessed value (Ontario),MPAC (product not held),assessed_value,same,ca,"Fixtures already refuse this as `not_licensed`. Neither NPCA parcel layer carries a value field, so assessed value is still absent from what was read.",authority,LG-077,documented,"docs/architecture/PCDP.md; 08 ds_ontario_mpac; ArcGIS REST fields+count+item metadata 2026-09-25 services1.arcgis.com/d0ZCwU7eGKVeNiEE Assessment_Parcels_Test/0, Parcels_Cityview/0, Regulated_Floodplain_Extent/1, NPCA_APPROXIMATE_REGULATION_LANDS/0",2026-09-25
LG-082,ROLL_YR / rollyear / GISEXTDATE,NYS; Monroe; Rochester,assessment_roll_context,same,us,"Vintage of the roll. NYS 2025, Monroe 2026: neighbouring counties carry different roll years. Maps to stamp `observation_on`; NYS also has SPATIAL_YR (geometry year), a second date that must survive separately.",roll_year,,live_verified,ArcGIS REST fields+query 2026-09-25 NYS_Tax_Parcels_Public/FeatureServer/1; ArcGIS REST fields+query 2026-09-25 maps.monroecounty.gov Hosted/Parcels_Public/FeatureServer/0,2026-09-25
LG-083,ROLL_SECTION / rollsection,"NYS ('1','8'); Monroe ('Taxable')",assessment_roll_context,alias,us,"Section of the roll: code in NYS, label in Monroe. A roll-section-8 row (print key ending /P) read ACRES 0.01 beside CALC_ACRES 11.59.",roll_section,LG-082,live_verified,ArcGIS REST fields+query 2026-09-25 NYS_Tax_Parcels_Public/FeatureServer/1; ArcGIS REST fields+query 2026-09-25 maps.monroecounty.gov Hosted/Parcels_Public/FeatureServer/0,2026-09-25
LG-084,ROLL_YR / ROLL_SECTION ('roll'),New York,assessment_roll_context,false_friend,neutral,In NY 'roll' is the annual assessment roll (an edition and its sections). In Ontario 'roll number' is a parcel identifier. A UI label 'Roll' on either side misleads the other.,roll_word,LG-008,live_verified,ArcGIS REST fields+query 2026-09-25 NYS_Tax_Parcels_Public/FeatureServer/1; ArcGIS REST fields+query 2026-09-25 services6.arcgis.com/Yx1h0qHJ9wIpQWuU Parcel_Fabric_Public/FeatureServer/0,2026-09-25
LG-085,series_cod / layername,Niagara Region NES series (e.g. Other Wetlands Non-PSW),natural_heritage_overlay,same,ca,"One service per family layer; series_cod names the family. One HeavyMap concept spans many services, each named by authority.",layer_family,,live_verified,ArcGIS REST fields 2026-09-25 services1.arcgis.com/WxiLK82TWf8W3O3f OpenData_NES_Other_Wetlands_Non_PSW/FeatureServer/24,2026-09-25
LG-086,Reach / Type / Elevation / Uprush,"Haldimand County Flood Hazard Limit (OfficialPlan/Flood_Hazard_Limit, layer 31)",flood_hazard_overlay,same,ca,"A polyline hazard LIMIT with elevation and wave uprush, not a polygon: the overlay grain is a limit line, so joining needs a stated distance or side rule. Layer id is 31, not 0 (layer indices are unstable).",hazard_limit_line,,live_verified,ArcGIS REST fields 2026-09-25 gis.haldimandcounty.ca OfficialPlan/Flood_Hazard_Limit/FeatureServer/31,2026-09-25
LG-087,Status / TILENUMBER (floodplain); TILENUMBER / GlobalID (regulation lands),Niagara Peninsula Conservation Authority (public ArcGIS Online services),flood_hazard_overlay,near,ca,"Almost attribute-free polygons: floodplain Status is 'Regulated' throughout (1,316 features); regulation lands 2,537 features, described as approximate (O. Reg. 97/04). NPCA states the floodplain layer is NOT an exhaustive inventory: unmapped regulatory floodplains still exist. So absence is never 'clear'. Licence link on the item text is unreadable (404).",regulation_limit,LG-088,live_verified,"ArcGIS REST fields+count+item metadata 2026-09-25 services1.arcgis.com/d0ZCwU7eGKVeNiEE Assessment_Parcels_Test/0, Parcels_Cityview/0, Regulated_Floodplain_Extent/1, NPCA_APPROXIMATE_REGULATION_LANDS/0",2026-09-25
LG-088,FLD_ZONE / ZONE_SUBTY / SFHA_TF / STATIC_BFE / DFIRM_ID / FLD_AR_ID,FEMA NFHL flood hazard zones (Living Atlas mirror),flood_hazard_overlay,near,us,"Coded flood zone, subtype, a special-flood-hazard-area flag and base flood elevation. Read from an ArcGIS Living Atlas mirror because hazards.fema.gov reset the connection on three paths: mirror vintage and terms are not the authoritative host's.",hazard_zone,LG-087,live_verified,ArcGIS REST fields 2026-09-25 services.arcgis.com/P3ePLMYs2RVChkJx USA_Flood_Hazard_Reduced_Set_gdb/0 (Living Atlas mirror; hazards.fema.gov reset the connection on three paths),2026-09-25
LG-089,Within_SAB / Within_BUA,County of Brant Land Use Designation,planning_policy_overlay,near,ca,Settlement area / built-up area membership flags on the designation layer.,growth_boundary_flags,,live_verified,ArcGIS REST fields 2026-09-25 services1.arcgis.com/ZG34JIhRAfwP1ItJ Land_Use_Designation/FeatureServer/0,2026-09-25
LG-090,PSEZ_ID / MUNICIPALI / STATUS,Province of Ontario (LIO) Provincially Significant Employment Zones,planning_policy_overlay,same,ca,"31 polygons Ontario-wide; STATUS reads 'Identified by the Minister on December 20, 2019'; file last modified 2020-01-08. In v1 geography: Hamilton (3), Brantford (2), Haldimand County (1). None for Niagara Region. Band placement (constraints vs land_use) is a proposal in 12.",policy_zone,,live_verified,Shapefile zip read 2026-09-25 ws.gisetl.lrc.gov.on.ca Provincially-Significant-Employment-Zones.zip (DBF schema + records; last-modified 2020-01-08),2026-09-25
LG-091,BOA_Name / Date_des / REDC / County / Muni / Link,NYS BOA designations,planning_policy_overlay,false_friend,neutral,"A state planning-program area with its designation date and regional council. Beware the word 'brownfield' across the border: Niagara Falls 'Brownfield CIP' is a municipal incentive area, Ontario RSC is a provincial site-condition record, OSM 'brownfield' is a tag. Same word, four substances.",brownfield_word,LG-092,live_verified,ArcGIS REST fields 2026-09-25 services2.arcgis.com/okXm0pb6aWH6XOGI BOA_Designations_November2021_Polygons/0; services9.arcgis.com/oMFQlUUrLd1Uh1bd Niagara_Falls_Brownfield_CIP_Area_2026/0,2026-09-25
LG-092,Descrip / AREA_SQM / LENGTH_M,City of Niagara Falls (ON) Brownfield CIP Area 2026,planning_policy_overlay,false_friend,neutral,"A municipal Community Improvement Plan incentive area (three attributes only), not a site-condition record and not a state BOA.",brownfield_word,LG-091,live_verified,ArcGIS REST fields 2026-09-25 services2.arcgis.com/okXm0pb6aWH6XOGI BOA_Designations_November2021_Polygons/0; services9.arcgis.com/oMFQlUUrLd1Uh1bd Niagara_Falls_Brownfield_CIP_Area_2026/0,2026-09-25
LG-093,SITE_NAME / ADDRESS / MUNICIPALITY,Niagara Region Designated Heritage Properties (318 points),heritage_designation_overlay,same,ca,"A POINT layer at address grain, not polygons: joins by address or proximity, with the distance stamped. Municipality field is text.",designation_points,,live_verified,ArcGIS REST fields+count 2026-09-25 services1.arcgis.com/WxiLK82TWf8W3O3f OpenData_Designated_Heritage_Properties/35; arcgisweb.welland.ca OPENDATA_Heritage_Parcels/MapServer/0,2026-09-25
LG-094,GFA,NYS Tax Parcels Public (statewide; Erie/Chautauqua/Wyoming/Genesee),floor_area_published,same,us,"Anchor. Integer square feet. Populated on 1,046 of 1,159 Erie 700-series parcels (live counts). Input to floor_area_m2 with the source unit kept on the stamp.",gross_floor_area,,live_verified,ArcGIS REST fields+query 2026-09-25 NYS_Tax_Parcels_Public/FeatureServer/1,2026-09-25
LG-095,SQ_FT,NYS Tax Parcels Public (statewide; Erie/Chautauqua/Wyoming/Genesee),lot_area_published,false_friend,neutral,"Behaves as assessor-stated LOT area (sq ft), not floor area: 0 on every sampled Erie industrial row, populated on 73 of 1,159 Erie 700-series parcels, and on sampled residential rows near lot size. Atlas INTEGRATION.md groups 'SQ_FT, GFA' as floor area: that grouping is wrong for SQ_FT.",lot_not_floor,LG-094,live_verified,ArcGIS REST fields+query 2026-09-25 NYS_Tax_Parcels_Public/FeatureServer/1,2026-09-25
LG-096,SQFT_LIVING / squarefeetlivingarea,NYS; Monroe,floor_area_published,false_friend,neutral,Habitable residential area (null on industrial rows). Monroe Parcels_Public offers this and no GFA: floor area is absent there.,living_area,LG-094,live_verified,ArcGIS REST fields+query 2026-09-25 NYS_Tax_Parcels_Public/FeatureServer/1; ArcGIS REST fields+query 2026-09-25 maps.monroecounty.gov Hosted/Parcels_Public/FeatureServer/0,2026-09-25
LG-097,indoorgfa,Niagara Region NEI (consolidated),floor_area_published,near,ca,"Premises-level indoor area, units not stated (INTEGRATION.md). Field is absent from the 2022 CSV header read on 2026-09-25 and documented for the consolidated dataset: confirm which edition carries it.",premises_indoor_area,LG-094,documented,niagara-atlas/DATA-SOURCES.md; CSV header (HTTP Range 0-1400) 2026-09-25 niagaraopendata.ca nei2017/nei2019/nei2022.csv,2026-09-25
LG-098,ACRES / Acres / acres,NYS; Norfolk; Monroe,lot_area_published,same,ca,"Assessor-stated (NYS/Monroe) or geometry-computed (Norfolk 'Acres', long decimals) acres. Not interchangeable within a source: see CALC_ACRES.",acres,,live_verified,ArcGIS REST fields+query 2026-09-25 NYS_Tax_Parcels_Public/FeatureServer/1; ArcGIS REST fields+query 2026-09-25 services1.arcgis.com/mSGV2hCLXHNsfQqK Parcels/FeatureServer/0,2026-09-25
LG-099,CALC_ACRES,NYS Tax Parcels Public (statewide; Erie/Chautauqua/Wyoming/Genesee),lot_area_published,near,us,Geometry-computed acres beside assessor-stated ACRES; a roll-section-8 row read ACRES 0.01 vs CALC_ACRES 11.59.,geometry_computed,LG-098,live_verified,ArcGIS REST fields+query 2026-09-25 NYS_Tax_Parcels_Public/FeatureServer/1,2026-09-25
LG-100,STATEDAREA,City of Rochester TaxParcel2024,lot_area_published,near,us,String '0.00' on sampled industrial rows: zero used as unknown. Never carry forward as a quantity.,stated_area_text,LG-098,live_verified,ArcGIS REST fields+query 2026-09-25 maps.cityofrochester.gov Open_Data/TaxParcel2024/FeatureServer/0,2026-09-25
LG-101,AREA_SQM,City of Niagara Falls (ON) parcel table,lot_area_published,same,ca,"Square metres, geometry-derived.",sqm,LG-098,live_verified,ArcGIS REST fields 2026-09-25 services9.arcgis.com/oMFQlUUrLd1Uh1bd Niagara_Falls_Property_Parcels/FeatureServer/0,2026-09-25
LG-102,PRIMARY_OWNER / ADD_OWNER / MAIL_*,NYS Tax Parcels Public (statewide; Erie/Chautauqua/Wyoming/Genesee),owner_of_record,same,us,"Public record under NY Real Property Tax Law; D-13: retain at ingest, tier at presentation. PCDP v1 has no owner rung and the fixtures carry no owner.",name_and_mailing,,live_verified,ArcGIS REST fields+query 2026-09-25 NYS_Tax_Parcels_Public/FeatureServer/1; niagara-atlas/TECHNOLOGY-DECISIONS.md D-13,2026-09-25
LG-103,OWNERNME1 / PSTLADDRESS,City of Rochester TaxParcel2024,owner_of_record,same,us,Same tiering rule.,name_and_mailing,LG-102,live_verified,ArcGIS REST fields+query 2026-09-25 maps.cityofrochester.gov Open_Data/TaxParcel2024/FeatureServer/0,2026-09-25
LG-104,OWNER_TYPE,NYS Tax Parcels Public (statewide; Erie/Chautauqua/Wyoming/Genesee),owner_category,same,us,"Code '8' on every sampled Erie row (meaning not verified). Category, not identity: candidate for an earlier access tier than the name.",code,LG-102,live_verified,ArcGIS REST fields+query 2026-09-25 NYS_Tax_Parcels_Public/FeatureServer/1,2026-09-25
LG-105,ARN,NPCA Assessment Parcels / Parcels Cityview (MPAC DAPF),assessment_roll_key,alias,neutral,"15-digit Assessment Roll Number (272510000217221). Coverage is NPCA's area, not municipality-wide: all twelve Niagara municipalities plus large parts of Hamilton (87,962 of the 284,250 Assessment Parcels) and Haldimand (11,489); Brant (63) and Burlington (1) appear only as edge slivers; Norfolk and Brantford are absent. 265,717 parcels in Cityview, whose data was last edited 2020-02-27. Open Government Licence v2 is the stated licence, but the licence PDF linked from the item returned 404 and the upstream MPAC terms are unverified.",arn_15,LG-010,live_verified,"ArcGIS REST fields+count+item metadata 2026-09-25 services1.arcgis.com/d0ZCwU7eGKVeNiEE Assessment_Parcels_Test/0, Parcels_Cityview/0, Regulated_Floodplain_Extent/1, NPCA_APPROXIMATE_REGULATION_LANDS/0",2026-09-25
LG-106,ASSESSMENT,NPCA Assessment Parcels,assessment_roll_key,same,neutral,"20-digit form (27251000021722100000) = ARN plus 00000. With Norfolk 19-digit, Haldimand 15-digit and NPCA 15/20-digit, one roll number now has four widths.",compact_20,LG-105,live_verified,"ArcGIS REST fields+count+item metadata 2026-09-25 services1.arcgis.com/d0ZCwU7eGKVeNiEE Assessment_Parcels_Test/0, Parcels_Cityview/0, Regulated_Floodplain_Extent/1, NPCA_APPROXIMATE_REGULATION_LANDS/0",2026-09-25
LG-107,Owner,NPCA Parcels Cityview,owner_of_record,same,ca,"An owner field in an Ontario open-licence layer, unlike the municipal layers checked earlier (08). Values were deliberately NOT sampled. D-13 applies: retain and tier, and check that this publication is licensed.",name,LG-102,live_verified,"ArcGIS REST fields+count+item metadata 2026-09-25 services1.arcgis.com/d0ZCwU7eGKVeNiEE Assessment_Parcels_Test/0, Parcels_Cityview/0, Regulated_Floodplain_Extent/1, NPCA_APPROXIMATE_REGULATION_LANDS/0",2026-09-25
LG-108,Legal_Txt,NPCA Parcels Cityview,legal_description,alias,ca,Legal description text on the assessment parcel; values not sampled.,legal_text,LG-029,live_verified,"ArcGIS REST fields+count+item metadata 2026-09-25 services1.arcgis.com/d0ZCwU7eGKVeNiEE Assessment_Parcels_Test/0, Parcels_Cityview/0, Regulated_Floodplain_Extent/1, NPCA_APPROXIMATE_REGULATION_LANDS/0",2026-09-25
LG-109,MUNICIPALI / Municipali,NPCA Assessment Parcels / Cityview,municipality_label,same,ca,"Uppercase with the government form ('CITY OF NIAGARA FALLS', 'TOWN OF FORT ERIE'), one row 'Township of Wainfleet' in mixed case: differs from NEI's 'Niagara Falls'. Map to the spine slug, never mint from the label.",text_with_prefix,LG-022,live_verified,"ArcGIS REST fields+count+item metadata 2026-09-25 services1.arcgis.com/d0ZCwU7eGKVeNiEE Assessment_Parcels_Test/0, Parcels_Cityview/0, Regulated_Floodplain_Extent/1, NPCA_APPROXIMATE_REGULATION_LANDS/0",2026-09-25
LG-110,STREET_NUM / STREET_NAM / FULL_STREE / Full_Stree,NPCA Assessment Parcels / Cityview,civic_address,same,ca,"MPAC-derived civic address parts, truncated field names (FULL_STREE).",split_parts,LG-023,live_verified,"ArcGIS REST fields+count+item metadata 2026-09-25 services1.arcgis.com/d0ZCwU7eGKVeNiEE Assessment_Parcels_Test/0, Parcels_Cityview/0, Regulated_Floodplain_Extent/1, NPCA_APPROXIMATE_REGULATION_LANDS/0",2026-09-25
LG-111,Physical Land Survey Description / Description de l'arpentage,ECCC NPRI Geolocations,legal_description,alias,ca,"Facility legal land survey text; a route from a register row to a lot, if parsed.",survey_description,LG-028,live_verified,ECCC data mart API + HTTP Range header read 2026-09-25 (data-donnees.az.ec.gc.ca/api/file): NPRI-INRP_GeolocationsGeolocalisation_1993-present.csv; NPRI-INRP_DataDonnees_2024.csv,2026-09-25
LG-112,NAICS / Code SCIAN (and NAICS 4 / NAICS 6 in the single-year tables),ECCC NPRI,industry_classification,same,ca,Same code system as NEI. Bilingual 'English / French' header cells.,naics_code,LG-039,live_verified,ECCC data mart API + HTTP Range header read 2026-09-25 (data-donnees.az.ec.gc.ca/api/file): NPRI-INRP_GeolocationsGeolocalisation_1993-present.csv; NPRI-INRP_DataDonnees_2024.csv,2026-09-25
LG-113,Census Division (CD) Unique ID / Census Sub Division (CSD) Unique ID,ECCC NPRI Geolocations,statistical_geography_code,same,ca,Statistics Canada geography ids on each facility row: the mechanism for attaching StatCan aggregates to a municipality without any parcel. CSD is roughly municipality-level.,cd_csd_id,,live_verified,ECCC data mart API + HTTP Range header read 2026-09-25 (data-donnees.az.ec.gc.ca/api/file): NPRI-INRP_GeolocationsGeolocalisation_1993-present.csv; NPRI-INRP_DataDonnees_2024.csv,2026-09-25
LG-114,state_county_fips_code,EPA TRI facility (Envirofacts),statistical_geography_code,near,neutral,"5-digit US county FIPS (36029 for Erie). Unit level differs from a Canadian CSD (county is upper-tier), so the two are `near`, not `same`.",county_fips,LG-113,live_verified,Envirofacts REST 2026-09-25 data.epa.gov/efservice/tri_facility/state_abbr/NY/county_name/ERIE,2026-09-25
LG-115,STATE / COUNTY / GEO_ID,US Census CBP 2022,statistical_geography_code,near,neutral,"The key that ties CBP aggregates to a county, and through TRI's FIPS to facilities. Confirms aggregates attach to jurisdictions, not to spine units.",county_fips,LG-114,live_verified,Census API variables.json 2026-09-25 api.census.gov/data/2022/cbp (data queries now need a key),2026-09-25
LG-116,Latitude / Longitude / Datum,ECCC NPRI Geolocations,regulatory_activity_register,near,ca,"Point plus datum. Of the 39 columns in the Geolocations file none is an accuracy or collection-method field, unlike TRI's pref_accuracy: a geometric join has no source accuracy to gate on.",point_location,LG-052,live_verified,ECCC data mart API + HTTP Range header read 2026-09-25 (data-donnees.az.ec.gc.ca/api/file): NPRI-INRP_GeolocationsGeolocalisation_1993-present.csv; NPRI-INRP_DataDonnees_2024.csv,2026-09-25
LG-117,EXPIRATION / PERMIT_EXPIRATION / EXPIRATION_DATE (DEC); EXPIRY_DATE (Hamilton licences),NYS DEC registries; City of Hamilton licences,regulatory_activity_register,same,ca,A permit or licence expiry date. An expired date is not 'closed' or 'departed': those words are quotation-only.,expiry_date,LG-051,live_verified,"ArcGIS REST fields 2026-09-25 services6.arcgis.com/DZHaqZm9cxOD4CWM Air_Facility_Registrations/0, Chemical_Bulk_Storage_Facility/0, Petroleum_Bulk_Storage_Facility/1, ...TSDFs/2, Regulated_Transfer_Facilities/13; ArcGIS REST fields+count 2026-09-25 services.arcgis.com/rYz782eMbySr2srL Licensed_Salvage_Yards/11, Licensed_Public_Garages/8, Licensed_Trade_Contractors_and_Masters/1",2026-09-25
LG-118,Parcel_No / CommonName / Address / Descr / Bylaw_No / Year_Desig,City of Welland Designated Heritage Parcels (31 polygons),heritage_designation_overlay,same,ca,"Polygons with a Parcel_No (values not read): the only parcel-shaped geometry Welland's open data offers, and only for 31 designated properties.",designation_polygons,LG-093,live_verified,ArcGIS REST fields+count 2026-09-25 services1.arcgis.com/WxiLK82TWf8W3O3f OpenData_Designated_Heritage_Properties/35; arcgisweb.welland.ca OPENDATA_Heritage_Parcels/MapServer/0,2026-09-25
