dataset_id,jurisdiction,source,dataset,endpoint,geometry,record_count,evidence,identifier_fields,key_type,join_to,join_method,exactness,pii_or_mpac_flag,notes
W01,welland,"City of Welland (public REST, not listed in open.welland.ca DCAT)",Parcels public cache,arcgisweb.welland.ca/serverprodpub/rest/services/Base/IMS_Parcels_Public_Cache/MapServer/0,polygon,23541,live 2026-09-30,"Parcel_No (OID, int; min 10 max 96293); Subdiv_Lot_No; Subdiv_Block_No; Subdiv_Plan_No; Address; Range",municipal parcel id (parcel_gis_key),W07 site plans; W08 permits; W06 heritage; W02 civic; W03 footprints; W04 zoning; R01 NEI,Parcel_No=Parcel_No (W06/W07/W08); spatial point-in-polygon (W03/W04/R01); address text (W02),exact for Parcel_No; fuzzy-spatial and fuzzy-text otherwise,no owner field; no ARN/roll field; licence text not found (service is in serverprodpub but absent from open.welland.ca data.json),"Contradicts spine doc ""no parcel fabric"". No parcel-fabric title appears in open.welland.ca/data.json (72 datasets read 2026-09-30). 1,506 rows have null Address and null Range. Address can be a range (e.g. 800-816 Niagara Street). CRS EPSG:26917. Admission needs a Morgen decision."
W02,welland,City of Welland Open Data (OGL 2.0 per catalog),Civic address points,arcgisweb.welland.ca/serverprodpub/rest/services/OpenData/OPENDATA_Civic_Addresses_Active/MapServer/0,point,22461,live 2026-09-30,"AddId (int, unique: 22,461 distinct); Address (22,448 distinct); Civic_No; Suffix; StName; CivicNoLbl",address point id,W03 footprints; W01 parcels; W05 business directory; R01 NEI; R02 Region address points,AddId=AddId (W03); address text (W05/R01); spatial (W01),exact for W03 (sample 29/30 with equal address text); fuzzy-text for W05 (11/15) and R01 (27/30),none observed,No parcel id on the point and no AddId on the parcel. 13 duplicate address strings.
W03,welland,City of Welland Open Data (OGL 2.0 per catalog),Active building footprints,arcgisweb.welland.ca/serverprodpub/rest/services/OpenData/OPENDATA_Active_Building_Footprints/MapServer/0,polygon,26027,live 2026-09-30,"AddId (int, null on 2,214; 16,847 distinct); Address (null on 2,289); Max_Elev; AvgEavElev",no building id (only AddId foreign key),W02 civic; W01 parcels; W04 zoning,AddId=AddId (W02); spatial (W01/W04),exact for AddId where non-null; spatial otherwise (18/18 sampled points landed in one parcel),none observed,"Many footprints per AddId. No stable building id is published: any footprint key would be minted, and OBJECTID is not stable across republish (assumption, not tested)."
W04,welland,City of Welland Open Data (OGL 2.0 per catalog),Current zoning (By-law 2017-117),arcgisweb.welland.ca/serverprodpub/rest/services/OpenData/OPENDATA_Consolidated_Zoning/MapServer/2,polygon,1981,live 2026-09-30,"Zoning (139 distinct, 4 null); Zone_doc; ZoneCat; ZoneCatSym; ZoneDesc",zone code (no id field),W01 parcels; W03 footprints; R01 NEI,spatial only,"fuzzy-spatial; polygons overlap (one point returned two polygons, one with null Zoning)",none observed,"No id or parcel reference on the layer. 73 polygons have ZoneCat like industrial. Old Zoning (2,014) is a second epoch in the same service, not read."
W05,welland,City of Welland Open Data (OGL 2.0 per catalog),Business directory (table plus point layer),arcgisweb.welland.ca/serverprodpub/rest/services/OpenData/OPENDATA_Business_Layers/MapServer/2 (table) and /0 (points),none (table); point (layer 0),923 table; 871 points,live 2026-09-30,"ID (int, 923 distinct); Company; SectorDescription; Address (null on 11); FullTime; PartTime; Seasonal; Estab",local business register key (premises_register_key alias),W02 civic; R01 NEI; W01 parcels,address text (W02); spatial (W01 via points); no shared key with R01,fuzzy-text (11/15 exact address hits); impossible exact vs R01,"contact fields present (Telephone, Extension, Telephone2, Fax, Email, WebSite); business not owner PII; values not sampled","Sector is free text, not NAICS. Counts are counts, not bands. NEI agreement (~29%) is documented, not re-read."
W06,welland,City of Welland Open Data (OGL 2.0 per catalog),Designated heritage parcels,arcgisweb.welland.ca/serverprodpub/rest/services/OpenData/OPENDATA_Heritage_Parcels/MapServer/0,polygon,31,live 2026-09-30,Parcel_No (int; 30 distinct); CommonName; Address; Bylaw_No; Year_Desig; Year_built,municipal parcel id foreign key,W01 parcels; R04 Region heritage points,Parcel_No=Parcel_No (W01); address text (R04),exact (sample 17/20 found in W01); fuzzy-text vs R04,none observed (no owner field),Region layer lists 27 Welland points vs 31 polygons here; not reconciled.
W07,welland,City of Welland Open Data (OGL 2.0 per catalog),Site plans,arcgisweb.welland.ca/serverprodpub/rest/services/OpenData/OPENDATA_Plan_SitePlans_Parcels/MapServer/0,polygon,721,live 2026-09-30,Parcel_No (int; 411 distinct; 0 null); CivicAddr; MajorUse; ConstType; IntendUse; Status; DateRecd,municipal parcel id foreign key,W01 parcels,Parcel_No=Parcel_No,exact (sample 25/30 found in W01),none observed,Misses (5 of 30) not diagnosed.
W08,welland,City of Welland Open Data (OGL 2.0 per catalog),Building permits before May 2019 (table),arcgisweb.welland.ca/serverprodpub/rest/services/OpenData/OPENDATA_Building_Permits_Pre_May_2019/MapServer/1,none,8862,live 2026-09-30,"PermitID (unique); PermitNo (unique); parcelno (int; 52 null; 5,491 distinct); Address; legaldesc; UseCategory; GrossAreaSqFt; EstValue",permit id plus parcel foreign key,W01 parcels,parcelno=Parcel_No; address text (uppercase abbreviations),exact where parcelno present (sample 23/30 found in W01); fuzzy-text fallback,none observed,206 rows have an Industrial UseCategory. Address text like 249 LEA CRES vs 249 Lea Crescent. Permits after May 2019 are not in open data (CityView layer needs a token).
W09,welland,City of Welland Open Data,"Business licences (type by year, counts only)",arcgisweb.welland.ca/serverprodpub/rest/services/OpenData/OPENDATA_Business_License_Type_Year/MapServer/1,none,0,live 2026-09-30,id; Description; Year; Bus_count,none (aggregate),none,impossible,impossible: no records,none,Table reads 0 rows on 2026-09-30 (companion layer is named _EMPTY). Ledger LG-054 said counts by type and year.
W10,welland,"City of Welland (public REST, not in DCAT)","IMS parcels (full attribute service, publicly reachable)",arcgisweb.welland.ca/serverprodpub/rest/services/Base/IMS_Parcels/MapServer/0 and Base/Parcels_NoOwners/MapServer/0,polygon,23541 (both),live 2026-09-30,Parcel_No; Civic_Nos; Municipality_Id (CoW); Street_Name_Id; Landuse_Map; Planning_District; Parcel_Type; Parcel_Status; Owner_Class,municipal parcel id,W01 parcels (same Parcel_No),Parcel_No=Parcel_No,"exact (same 23,541 rows and key as W01)",Owner_Class is a category; free-text Comment and Research fields exist and were not sampled (possible PII),"Named ""NoOwners"" but still carries Owner_Class. Extra attributes vs W01 only; not proposed for ingestion."
W11,welland,City of Welland Open Data (DCAT lists it),CityView BuildPermits Parcels,arcgisweb.welland.ca/serverprodpub/rest/services/../serverprod/rest/services/Building/CityView_BuildPermits_Parcels/MapServer/4,unknown,,endpoint returned Token Required 2026-09-30,not readable,n/a,n/a,n/a,not read,unknown,Listed in open.welland.ca data.json (modified 2023-06-27) but the service needs a token.
R01,niagara_region (covers welland),Niagara Region Open Data,Consolidated NEI (all editions),services1.arcgis.com/WxiLK82TWf8W3O3f/arcgis/rest/services/OpenData_Consolidated_NEI_Opendata/FeatureServer/45,point,98065 total; 9741 Welland (1299 for 2022 and 1299 for 2025),live 2026-09-30,"nei_id (int; no nulls; 15,846 distinct overall, 1,605 distinct for Welland); Year; municipality; businessname; businessstreetnumber; businessstreetname; businessunit; primarynaics; secondarynaics; sizerangeemployees; indoorgfa; yearopen",premises register key (composite nei_id + Year),W02 civic; W01 parcels; W04 zoning; W05 business directory,nei_id + Year (within NEI); address text (W02); spatial (W01/W04); no shared key with W05,exact within NEI; fuzzy-text to W02 (27/30); spatial to W01 (15/15 landed in a parcel),businessname and website present; no owner field; no ARN; no MPAC field seen,"Long table of 8 editions (2016-2019, 2022-2025). Consolidation removes the NEI_ID/nei_id rename trap. indoorgfa is present here; 4,007 Welland rows >0, 304 null, the rest 0 (zero used for unknown). Four premises in the 15-row sample share parcel 77978 (800-816 Niagara Street)."
R02,niagara_region (covers welland),Niagara Region Open Data,Address points,services1.arcgis.com/WxiLK82TWf8W3O3f/arcgis/rest/services/OpenData_Address_Points/FeatureServer/43,point,208079 total; 24412 Welland,live 2026-09-30,"GSmartID (int, no nulls); Full_StreetNo; StreetName; StreetType; StreetDir; Unit; Municipality; LifeCycleStatus",regional address point id,W02 civic,address text or spatial; no shared id (GSmartID vs AddId),impossible exact; fuzzy,none observed,"Welland count 24,412 vs city 22,461 civic points. Municipality text."
R03,niagara_region (covers welland),Niagara Region Open Data,Building footprints,services1.arcgis.com/WxiLK82TWf8W3O3f/arcgis/rest/services/OpenData_Building_Footprints/FeatureServer/38,polygon,225999 total; Welland not measured (no municipality field),live 2026-09-30,UniqueID (double); Layer; Collected; GlobalID,regional footprint id (UniqueID),W03 footprints,spatial only,fuzzy-spatial; not tested,none observed,"No municipality field, so a Welland subset needs a spatial clip. Not compared to W03."
R04,niagara_region (covers welland),Niagara Region Open Data,Designated heritage properties,services1.arcgis.com/WxiLK82TWf8W3O3f/arcgis/rest/services/OpenData_Designated_Heritage_Properties/FeatureServer/35,point,318 total; 27 Welland,live 2026-09-30,SITE_NAME; ADDRESS; MUNICIPALITY,none,W06 heritage parcels,address text or proximity,fuzzy; not tested,none observed,"Points, not polygons."
R05,niagara_region (covers welland),NPCA (ArcGIS Online),NPCA Assessment Parcels and Parcels Cityview (MPAC-derived),"services1.arcgis.com/d0ZCwU7eGKVeNiEE (Assessment_Parcels_Test/0, Parcels_Cityview/0)",polygon,284250 and 265717,"documented, not re-read",ARN; ASSESSMENT; PropCode; Owner; Legal_Txt,MPAC assessment roll number,W01 parcels (would be spatial or address),not attempted,not ingested by rule,MPAC-derived; Owner field; licence unverified,"Existence noted only. Rule: not ingested, MPAC roll stays not_licensed."
X01,rochester_ny,City of Rochester (data.cityofrochester.gov is ArcGIS Hub),Tax parcel snapshot 2024,maps.cityofrochester.gov/server2/rest/services/Open_Data/TaxParcel2024/FeatureServer/0,polygon,64828,live 2026-09-30,"PARCELID (20-char string; 64,825 distinct); PRINTKEY (64,825 distinct; e.g. 047.62-1-22); SITEADDRESS; STREET_NUM; STREET_NAME; CLASSCD; PROPERTYTYPE; BISZONING; GISEXTDATE (2024-08-22 on first row)",SBL20 (PARCELID) plus print key,X15 Monroe parcels; X07 address lookup; X04-X06; X09 footprints; X10 zoning,PARCELID = right 20 of Monroe countysbl (city SWIS 261400 prefix); spatial for X09/X10,exact for X15 (45/45 sampled) and X07 (21/21); spatial for X09/X10,OWNERNME1 and PSTLADDRESS fields present (values not sampled); assessed values present (not MPAC),"365 rows class 7xx (361 class 710). 64,828 rows but 64,825 distinct PARCELID and PRINTKEY values, so some ids repeat. BISZONING null on 1,067."
X02,rochester_ny,City of Rochester,Tax parcel snapshots 2014-2023 (server2),maps.cityofrochester.gov/server2/rest/services/Open_Data/TaxParcel{2014..2023}/FeatureServer/0,polygon,2014 65923; 2015 65794; 2016 65784; 2017 65486; 2018 65351; 2019 65211; 2020 65076; 2021 65002; 2022 64920; 2023 64826,live 2026-09-30,PARCELID; PRINTKEY (fields confirmed for 2018-2024 only),SBL20 plus print key,X01; X14 lineage,PARCELID=PARCELID across years,exact where the parcel is unchanged; changes through X14,same owner fields as X01,Roster note says 12 historical snapshots 1996-2024. Live: 11 spatial layers 2014-2024 on server2 (counts read for all 11) plus tabular snapshots in X13. Fields read for 2018-2024 only.
X03,rochester_ny,City of Rochester,"Tax parcels open data (live, no owner fields)",maps.cityofrochester.gov/server/rest/services/Open_Data/Tax_Parcels_Open_Data/FeatureServer/0,polygon,64709,live 2026-09-30,PARCELID; PRINTKEY; SITEADDRESS; CLASSCD; PROPERTYTYPE; BISZONING,SBL20 plus print key,X01,PARCELID=PARCELID,expected exact; not tested at id level,no OWNERNME1 or PSTLADDRESS in field list,Better ingest candidate than X01 for the owner-of-record rule (D-13). 119 fewer rows than X01 (live vs 2024 snapshot).
X04,rochester_ny,City of Rochester,Tax parcels: vacant land (live),maps.cityofrochester.gov/server/rest/services/Open_Data/Tax_Parcels_Vacant_Land_Open_Data/FeatureServer/3,polygon,4728,live 2026-09-30,PARCELID; PRINTKEY; CLASSCD; PROPERTYTYPE,SBL20 plus print key,X01/X03,PARCELID=PARCELID,expected exact; not tested,OWNERNME1 and PSTLADDRESS present,"Catalog says 4,730 (drift of 2)."
X05,rochester_ny,City of Rochester,Tax parcels: city owned land (live),maps.cityofrochester.gov/server/rest/services/Open_Data/Tax_Parcels_City_Owned_Land_Open_Data/FeatureServer/4,polygon,2976,live 2026-09-30,PARCELID; PRINTKEY,SBL20 plus print key,X01/X03,PARCELID=PARCELID,expected exact; not tested,OWNERNME1 and PSTLADDRESS present,Public owner is a city body; the fields are still owner-of-record.
X06,rochester_ny,City of Rochester,Housing inventory parcels (city owned real estate),maps.cityofrochester.gov/server/rest/services/NBD/Housing_Inventory/FeatureServer/0,polygon,3387,live 2026-09-30,SBL (20-char); GISSBL (10-char variant); PRINTKEY; ADDRESS; PROPERTY_CLASS; ZONING,SBL20 plus a 10-char variant,X01,SBL=PARCELID; GISSBL not joinable directly,exact (sample 14/15 found); GISSBL unknown,none observed,One sampled SBL missing from X01 (not diagnosed).
X07,rochester_ny,City of Rochester,Address parcels lookup (address points with parcel attributes),maps.cityofrochester.gov/server/rest/services/App_PropertyInformation/Address_Parcels_Lookup/FeatureServer/0,point,134137,live 2026-09-30,AddressPointID (e.g. MONR208416); NYSStreetID; AddressLabel; PARCELID (164 null); PRINTKEY,address point id plus parcel foreign key,X01,PARCELID=PARCELID,exact (sample 21/21 found),OWNERNME1 and PSTLADDRESS present,Best address to parcel bridge; many address points per parcel.
X08,rochester_ny,City of Rochester,Tax parcel centroids,maps.cityofrochester.gov/server/rest/services/Geodata/TaxParcel_Centroids/FeatureServer/0,point,64709,live 2026-09-30,PARCELID (0 null); PRINTKEY,SBL20 plus print key,X03,PARCELID=PARCELID,expected exact; not tested,OWNERNME1 and PSTLADDRESS present,"Count matches X03, not X01."
X09,rochester_ny,City of Rochester,Building footprints (live),maps.cityofrochester.gov/server/rest/services/Open_Data/Building_Footprint_Open_Data/FeatureServer/0,polygon,98449,live 2026-09-30,OBJECTID; GlobalID; BUILDINGCLASS; NUMUNITS; DEMOLISHED_TF; DATE_DEMOLISHED,"no parcel id, no address",X01 parcels; X10 zoning,spatial only,fuzzy-spatial (10/10 sampled points landed in one parcel),none observed,Demolition flags help vacancy readings. GlobalID is the only stable-looking id.
X10,rochester_ny,City of Rochester,Zoning districts,maps.cityofrochester.gov/server/rest/services/Open_Data/Zoning_Districts_Open_Data/FeatureServer/0,polygon,421,live 2026-09-30,LABEL (74 distinct); CATEGORY (13 distinct incl. Industrial); GlobalID,zone label,X01 (BISZONING); X09,spatial (preferred); BISZONING label text,fuzzy: BISZONING has 92 distinct values and many do not equal any LABEL (e.g. C1 vs C-1),none observed,"Overlay (26) and preservation (10) districts are in ROC_Zoning layers 0 and 1; counts documented, layer 0 not read."
X11,rochester_ny,City of Rochester,Development ready sites,maps.cityofrochester.gov/server/rest/services/NBD/Development_Ready_Sites/FeatureServer/1,polygon,10,live 2026-09-30,"Site_Num; SBL_1 (print-key text, may hold several, semicolon separated); Address; Owner_Name; Zoning",print key text,X01,parse SBL_1 then PRINTKEY,"fuzzy (free text, multi-parcel)",Owner_Name present (not sampled),Format matches padded PRINTKEY (047.55-1-1.004).
X12,rochester_ny,City of Rochester,311 case data,services2.arcgis.com/yoz1ZtATTCokO9nU/arcgis/rest/services/311_Case_Data/FeatureServer/0,point,51721,live 2026-09-30,ObjectId; Subject; Reason; Type; Department; Bureau; Request_Date; Street_Name; ZIP,none,X01 (spatial only),spatial only,impossible by id; fuzzy-spatial,none observed,No address number and no parcel id. Not a permits or code-violation feed.
X13,rochester_ny,City of Rochester,"Tax parcel snapshots 1996, 2000, 2004, 2008, 2012 (tables)",services2.arcgis.com/yoz1ZtATTCokO9nU/arcgis/rest/services/Fixed_Assessment_Snapshot_1996; City_of_Rochester_Tax_Parcel_Records_Snapshot_2000/2008/2012 (and _2008_fixed),none,1996 68279; 2012 66254 (others per catalog),live 2026-09-30,1996: SBL (Double); 2012: SBL_ID (Double); SBL20 (Double); STREET; HSENUM,SBL stored as a floating-point number,X01,none safe by id,impossible by exact id: value returned as 4.62800001001e+18 (leading zero and trailing digits lost),none observed,Sample of 5 from 2012 SBL20: 0 of 5 matched a 2024 PARCELID. Needs address-plus-house-number or a reconstruction rule.
X14,rochester_ny,City of Rochester,Parcel lineage (splits and merges),services2.arcgis.com/yoz1ZtATTCokO9nU/arcgis/rest/services/ParcelHistory/FeatureServer/0 (LineageParcels),polygon,788,live 2026-09-30,PARCELID; PRINTKEY; YEAR; NewSBL; Split_Merge; NewParcelPrintKey (2 variants of field name across layers),SBL20 to NewSBL,X01; X02,PARCELID or NewSBL,exact,OWNERNME1 field present (not sampled),Only 788 rows: covers a small share of ID changes across 2014-2024 snapshot counts (coverage not measured).
X15,monroe_county_ny,Monroe County DES GIS,Parcels_Public,maps.monroecounty.gov/server/rest/services/Hosted/Parcels_Public/FeatureServer/0,polygon,267962,live 2026-09-30,"countysbl (26-char string; 267,904 distinct); printkey (267,357 distinct); swis (a municipality NAME, 32 distinct, 544 null); rollyear (2026 sampled); rollsection",SWIS6 + SBL20 (countysbl),X01 city; X16 statewide (not comparable: Monroe absent),countysbl = 261400 + PARCELID for city parcels; printkey text,exact by countysbl for city rows (45/45); print key not unique county-wide,"no owner-name field in field list; assessed value fields present (roll data, not MPAC)","Same 26-char shape as NYS SWIS_SBL_ID (Erie sample 145601+04718000010330000000). 64,629 rows swis=City of Rochester; 26 rows with 261400 prefix have null swis. 868 rows class 700-799."
X16,erie_wyoming_genesee_chautauqua (statewide layer),NYS ITS Geospatial Services (ArcGIS Online mirror),NYS Tax Parcels Public,services6.arcgis.com/EbVsqZ18sv1kVJ3k/arcgis/rest/services/NYS_Tax_Parcels_Public/FeatureServer/1,polygon,3827530,live 2026-09-30,SBL (20); PRINT_KEY (unpadded section e.g. 47.18-1-33); SWIS (6); SWIS_SBL_ID (26); SWIS_PRINT_KEY_ID; MUNI_PARCEL_ID; CITYTOWN_SWIS; ROLL_YR; SPATIAL_YR,SWIS6 + SBL20,X15 (none: Monroe has 0 features); Erie/Genesee etc.,SWIS_SBL_ID or SWIS+SBL,impossible for Rochester and Monroe (0 features); exact within covered counties,"PRIMARY_OWNER, ADD_OWNER, MAIL_* present (not sampled)","38 counties. Covered pilot-adjacent counties: Erie 370,424; Genesee 28,266; Chautauqua 88,396; Wyoming 23,530. Absent: Monroe, Niagara, Orleans, Cattaraugus. CITYTOWN_NAME=Rochester returns 4,889 Ulster County features (name collision)."
X17,rochester_ny,"City of Rochester DCAT (281 entries, 267 distinct titles read 2026-09-30)","Permits, code violations, certificates of occupancy, business licences",data.cityofrochester.gov/data.json,n/a,none found,live 2026-09-30,"no dataset with permit, violation, licence or CO in its title",n/a,n/a,n/a,not in coverage from this catalog,n/a,"Only related items: 311 Case Data, Code Enforcement Inspector Areas, Kiva business locations (web map only, no queryable service found), Commercial Corridor Business Data (web app). Sub-issue proposed to hunt other sources."
