countysbl_prefix,monroe_swis_name,row_count,valid_sbl26_count,invalid_length_count,status,code_meaning,source_field,source_endpoint,retrieved_at_utc
,,40,0,40,unresolved,inferred_SWIS6_not_confirmed_by_Monroe_code_table,Parcels_Public.countysbl + swis,https://maps.monroecounty.gov/server/rest/services/Hosted/Parcels_Public/FeatureServer/0/query,2026-09-30T07:41:03.441060+00:00
261400,,26,26,0,unresolved,inferred_SWIS6_not_confirmed_by_Monroe_code_table,Parcels_Public.countysbl + swis,https://maps.monroecounty.gov/server/rest/services/Hosted/Parcels_Public/FeatureServer/0/query,2026-09-30T07:41:03.441060+00:00
262000,,25,25,0,unresolved,inferred_SWIS6_not_confirmed_by_Monroe_code_table,Parcels_Public.countysbl + swis,https://maps.monroecounty.gov/server/rest/services/Hosted/Parcels_Public/FeatureServer/0/query,2026-09-30T07:41:03.441060+00:00
262200,,12,11,1,unresolved,inferred_SWIS6_not_confirmed_by_Monroe_code_table,Parcels_Public.countysbl + swis,https://maps.monroecounty.gov/server/rest/services/Hosted/Parcels_Public/FeatureServer/0/query,2026-09-30T07:41:03.441060+00:00
262489,,12,12,0,unresolved,inferred_SWIS6_not_confirmed_by_Monroe_code_table,Parcels_Public.countysbl + swis,https://maps.monroecounty.gov/server/rest/services/Hosted/Parcels_Public/FeatureServer/0/query,2026-09-30T07:41:03.441060+00:00
262600,,99,99,0,unresolved,inferred_SWIS6_not_confirmed_by_Monroe_code_table,Parcels_Public.countysbl + swis,https://maps.monroecounty.gov/server/rest/services/Hosted/Parcels_Public/FeatureServer/0/query,2026-09-30T07:41:03.441060+00:00
262800,,30,30,0,unresolved,inferred_SWIS6_not_confirmed_by_Monroe_code_table,Parcels_Public.countysbl + swis,https://maps.monroecounty.gov/server/rest/services/Hosted/Parcels_Public/FeatureServer/0/query,2026-09-30T07:41:03.441060+00:00
263000,,22,22,0,unresolved,inferred_SWIS6_not_confirmed_by_Monroe_code_table,Parcels_Public.countysbl + swis,https://maps.monroecounty.gov/server/rest/services/Hosted/Parcels_Public/FeatureServer/0/query,2026-09-30T07:41:03.441060+00:00
263200,,44,38,6,unresolved,inferred_SWIS6_not_confirmed_by_Monroe_code_table,Parcels_Public.countysbl + swis,https://maps.monroecounty.gov/server/rest/services/Hosted/Parcels_Public/FeatureServer/0/query,2026-09-30T07:41:03.441060+00:00
263400,,7,7,0,unresolved,inferred_SWIS6_not_confirmed_by_Monroe_code_table,Parcels_Public.countysbl + swis,https://maps.monroecounty.gov/server/rest/services/Hosted/Parcels_Public/FeatureServer/0/query,2026-09-30T07:41:03.441060+00:00
263601,,3,0,3,unresolved,inferred_SWIS6_not_confirmed_by_Monroe_code_table,Parcels_Public.countysbl + swis,https://maps.monroecounty.gov/server/rest/services/Hosted/Parcels_Public/FeatureServer/0/query,2026-09-30T07:41:03.441060+00:00
263689,,5,5,0,unresolved,inferred_SWIS6_not_confirmed_by_Monroe_code_table,Parcels_Public.countysbl + swis,https://maps.monroecounty.gov/server/rest/services/Hosted/Parcels_Public/FeatureServer/0/query,2026-09-30T07:41:03.441060+00:00
263801,,24,24,0,unresolved,inferred_SWIS6_not_confirmed_by_Monroe_code_table,Parcels_Public.countysbl + swis,https://maps.monroecounty.gov/server/rest/services/Hosted/Parcels_Public/FeatureServer/0/query,2026-09-30T07:41:03.441060+00:00
263889,,17,17,0,unresolved,inferred_SWIS6_not_confirmed_by_Monroe_code_table,Parcels_Public.countysbl + swis,https://maps.monroecounty.gov/server/rest/services/Hosted/Parcels_Public/FeatureServer/0/query,2026-09-30T07:41:03.441060+00:00
264001,,2,2,0,unresolved,inferred_SWIS6_not_confirmed_by_Monroe_code_table,Parcels_Public.countysbl + swis,https://maps.monroecounty.gov/server/rest/services/Hosted/Parcels_Public/FeatureServer/0/query,2026-09-30T07:41:03.441060+00:00
264089,,19,18,1,unresolved,inferred_SWIS6_not_confirmed_by_Monroe_code_table,Parcels_Public.countysbl + swis,https://maps.monroecounty.gov/server/rest/services/Hosted/Parcels_Public/FeatureServer/0/query,2026-09-30T07:41:03.441060+00:00
264200,,10,9,1,unresolved,inferred_SWIS6_not_confirmed_by_Monroe_code_table,Parcels_Public.countysbl + swis,https://maps.monroecounty.gov/server/rest/services/Hosted/Parcels_Public/FeatureServer/0/query,2026-09-30T07:41:03.441060+00:00
264403,,5,5,0,unresolved,inferred_SWIS6_not_confirmed_by_Monroe_code_table,Parcels_Public.countysbl + swis,https://maps.monroecounty.gov/server/rest/services/Hosted/Parcels_Public/FeatureServer/0/query,2026-09-30T07:41:03.441060+00:00
264489,,30,30,0,unresolved,inferred_SWIS6_not_confirmed_by_Monroe_code_table,Parcels_Public.countysbl + swis,https://maps.monroecounty.gov/server/rest/services/Hosted/Parcels_Public/FeatureServer/0/query,2026-09-30T07:41:03.441060+00:00
264601,,1,1,0,unresolved,inferred_SWIS6_not_confirmed_by_Monroe_code_table,Parcels_Public.countysbl + swis,https://maps.monroecounty.gov/server/rest/services/Hosted/Parcels_Public/FeatureServer/0/query,2026-09-30T07:41:03.441060+00:00
264689,,12,12,0,unresolved,inferred_SWIS6_not_confirmed_by_Monroe_code_table,Parcels_Public.countysbl + swis,https://maps.monroecounty.gov/server/rest/services/Hosted/Parcels_Public/FeatureServer/0/query,2026-09-30T07:41:03.441060+00:00
264801,,1,0,1,unresolved,inferred_SWIS6_not_confirmed_by_Monroe_code_table,Parcels_Public.countysbl + swis,https://maps.monroecounty.gov/server/rest/services/Hosted/Parcels_Public/FeatureServer/0/query,2026-09-30T07:41:03.441060+00:00
264889,,11,11,0,unresolved,inferred_SWIS6_not_confirmed_by_Monroe_code_table,Parcels_Public.countysbl + swis,https://maps.monroecounty.gov/server/rest/services/Hosted/Parcels_Public/FeatureServer/0/query,2026-09-30T07:41:03.441060+00:00
265000,,3,0,3,unresolved,inferred_SWIS6_not_confirmed_by_Monroe_code_table,Parcels_Public.countysbl + swis,https://maps.monroecounty.gov/server/rest/services/Hosted/Parcels_Public/FeatureServer/0/query,2026-09-30T07:41:03.441060+00:00
265289,,16,15,1,unresolved,inferred_SWIS6_not_confirmed_by_Monroe_code_table,Parcels_Public.countysbl + swis,https://maps.monroecounty.gov/server/rest/services/Hosted/Parcels_Public/FeatureServer/0/query,2026-09-30T07:41:03.441060+00:00
265401,,2,1,1,unresolved,inferred_SWIS6_not_confirmed_by_Monroe_code_table,Parcels_Public.countysbl + swis,https://maps.monroecounty.gov/server/rest/services/Hosted/Parcels_Public/FeatureServer/0/query,2026-09-30T07:41:03.441060+00:00
265489,,9,8,1,unresolved,inferred_SWIS6_not_confirmed_by_Monroe_code_table,Parcels_Public.countysbl + swis,https://maps.monroecounty.gov/server/rest/services/Hosted/Parcels_Public/FeatureServer/0/query,2026-09-30T07:41:03.441060+00:00
265689,,5,5,0,unresolved,inferred_SWIS6_not_confirmed_by_Monroe_code_table,Parcels_Public.countysbl + swis,https://maps.monroecounty.gov/server/rest/services/Hosted/Parcels_Public/FeatureServer/0/query,2026-09-30T07:41:03.441060+00:00
265801,,52,52,0,unresolved,inferred_SWIS6_not_confirmed_by_Monroe_code_table,Parcels_Public.countysbl + swis,https://maps.monroecounty.gov/server/rest/services/Hosted/Parcels_Public/FeatureServer/0/query,2026-09-30T07:41:03.441060+00:00
261400,City of Rochester,64629,64085,544,inferred_from_prefix,inferred_SWIS6_not_confirmed_by_Monroe_code_table,Parcels_Public.countysbl + swis,https://maps.monroecounty.gov/server/rest/services/Hosted/Parcels_Public/FeatureServer/0/query,2026-09-30T07:41:03.441060+00:00
262000,Town of Brighton,11794,10987,807,inferred_from_prefix,inferred_SWIS6_not_confirmed_by_Monroe_code_table,Parcels_Public.countysbl + swis,https://maps.monroecounty.gov/server/rest/services/Hosted/Parcels_Public/FeatureServer/0/query,2026-09-30T07:41:03.441060+00:00
262200,Town of Chili,10837,10774,63,inferred_from_prefix,inferred_SWIS6_not_confirmed_by_Monroe_code_table,Parcels_Public.countysbl + swis,https://maps.monroecounty.gov/server/rest/services/Hosted/Parcels_Public/FeatureServer/0/query,2026-09-30T07:41:03.441060+00:00
262489,Town of Clarkson,2535,2530,5,inferred_from_prefix,inferred_SWIS6_not_confirmed_by_Monroe_code_table,Parcels_Public.countysbl + swis,https://maps.monroecounty.gov/server/rest/services/Hosted/Parcels_Public/FeatureServer/0/query,2026-09-30T07:41:03.441060+00:00
262600,Town of Gates,11221,11110,111,inferred_from_prefix,inferred_SWIS6_not_confirmed_by_Monroe_code_table,Parcels_Public.countysbl + swis,https://maps.monroecounty.gov/server/rest/services/Hosted/Parcels_Public/FeatureServer/0/query,2026-09-30T07:41:03.441060+00:00
262800,Town of Greece,34706,34639,67,inferred_from_prefix,inferred_SWIS6_not_confirmed_by_Monroe_code_table,Parcels_Public.countysbl + swis,https://maps.monroecounty.gov/server/rest/services/Hosted/Parcels_Public/FeatureServer/0/query,2026-09-30T07:41:03.441060+00:00
263000,Town of Hamlin,3514,3508,6,inferred_from_prefix,inferred_SWIS6_not_confirmed_by_Monroe_code_table,Parcels_Public.countysbl + swis,https://maps.monroecounty.gov/server/rest/services/Hosted/Parcels_Public/FeatureServer/0/query,2026-09-30T07:41:03.441060+00:00
233200,Town of Henrietta,1,1,0,ambiguous,inferred_SWIS6_not_confirmed_by_Monroe_code_table,Parcels_Public.countysbl + swis,https://maps.monroecounty.gov/server/rest/services/Hosted/Parcels_Public/FeatureServer/0/query,2026-09-30T07:41:03.441060+00:00
263200,Town of Henrietta,14671,14591,80,ambiguous,inferred_SWIS6_not_confirmed_by_Monroe_code_table,Parcels_Public.countysbl + swis,https://maps.monroecounty.gov/server/rest/services/Hosted/Parcels_Public/FeatureServer/0/query,2026-09-30T07:41:03.441060+00:00
263201,Town of Henrietta,1,1,0,ambiguous,inferred_SWIS6_not_confirmed_by_Monroe_code_table,Parcels_Public.countysbl + swis,https://maps.monroecounty.gov/server/rest/services/Hosted/Parcels_Public/FeatureServer/0/query,2026-09-30T07:41:03.441060+00:00
263218,Town of Henrietta,1,0,1,unresolved,inferred_SWIS6_not_confirmed_by_Monroe_code_table,Parcels_Public.countysbl + swis,https://maps.monroecounty.gov/server/rest/services/Hosted/Parcels_Public/FeatureServer/0/query,2026-09-30T07:41:03.441060+00:00
263400,Town of Irondequoit,21111,20853,258,inferred_from_prefix,inferred_SWIS6_not_confirmed_by_Monroe_code_table,Parcels_Public.countysbl + swis,https://maps.monroecounty.gov/server/rest/services/Hosted/Parcels_Public/FeatureServer/0/query,2026-09-30T07:41:03.441060+00:00
263689,Town of Mendon,2874,2868,6,inferred_from_prefix,inferred_SWIS6_not_confirmed_by_Monroe_code_table,Parcels_Public.countysbl + swis,https://maps.monroecounty.gov/server/rest/services/Hosted/Parcels_Public/FeatureServer/0/query,2026-09-30T07:41:03.441060+00:00
263889,Town of Ogden,6479,6478,1,inferred_from_prefix,inferred_SWIS6_not_confirmed_by_Monroe_code_table,Parcels_Public.countysbl + swis,https://maps.monroecounty.gov/server/rest/services/Hosted/Parcels_Public/FeatureServer/0/query,2026-09-30T07:41:03.441060+00:00
264089,Town of Parma,4738,4726,12,inferred_from_prefix,inferred_SWIS6_not_confirmed_by_Monroe_code_table,Parcels_Public.countysbl + swis,https://maps.monroecounty.gov/server/rest/services/Hosted/Parcels_Public/FeatureServer/0/query,2026-09-30T07:41:03.441060+00:00
264200,Town of Penfield,14386,13784,602,inferred_from_prefix,inferred_SWIS6_not_confirmed_by_Monroe_code_table,Parcels_Public.countysbl + swis,https://maps.monroecounty.gov/server/rest/services/Hosted/Parcels_Public/FeatureServer/0/query,2026-09-30T07:41:03.441060+00:00
264489,Town of Perinton,15880,15454,426,inferred_from_prefix,inferred_SWIS6_not_confirmed_by_Monroe_code_table,Parcels_Public.countysbl + swis,https://maps.monroecounty.gov/server/rest/services/Hosted/Parcels_Public/FeatureServer/0/query,2026-09-30T07:41:03.441060+00:00
264689,Town of Pittsford,10058,9838,220,inferred_from_prefix,inferred_SWIS6_not_confirmed_by_Monroe_code_table,Parcels_Public.countysbl + swis,https://maps.monroecounty.gov/server/rest/services/Hosted/Parcels_Public/FeatureServer/0/query,2026-09-30T07:41:03.441060+00:00
264889,Town of Riga,1672,1670,2,inferred_from_prefix,inferred_SWIS6_not_confirmed_by_Monroe_code_table,Parcels_Public.countysbl + swis,https://maps.monroecounty.gov/server/rest/services/Hosted/Parcels_Public/FeatureServer/0/query,2026-09-30T07:41:03.441060+00:00
265000,Town of Rush,1822,1813,9,inferred_from_prefix,inferred_SWIS6_not_confirmed_by_Monroe_code_table,Parcels_Public.countysbl + swis,https://maps.monroecounty.gov/server/rest/services/Hosted/Parcels_Public/FeatureServer/0/query,2026-09-30T07:41:03.441060+00:00
265289,Town of Sweden,2578,2395,183,ambiguous,inferred_SWIS6_not_confirmed_by_Monroe_code_table,Parcels_Public.countysbl + swis,https://maps.monroecounty.gov/server/rest/services/Hosted/Parcels_Public/FeatureServer/0/query,2026-09-30T07:41:03.441060+00:00
265489,Town of Sweden,2,2,0,ambiguous,inferred_SWIS6_not_confirmed_by_Monroe_code_table,Parcels_Public.countysbl + swis,https://maps.monroecounty.gov/server/rest/services/Hosted/Parcels_Public/FeatureServer/0/query,2026-09-30T07:41:03.441060+00:00
050040,Town of Webster,1,0,1,unresolved,inferred_SWIS6_not_confirmed_by_Monroe_code_table,Parcels_Public.countysbl + swis,https://maps.monroecounty.gov/server/rest/services/Hosted/Parcels_Public/FeatureServer/0/query,2026-09-30T07:41:03.441060+00:00
263200,Town of Webster,25,25,0,ambiguous,inferred_SWIS6_not_confirmed_by_Monroe_code_table,Parcels_Public.countysbl + swis,https://maps.monroecounty.gov/server/rest/services/Hosted/Parcels_Public/FeatureServer/0/query,2026-09-30T07:41:03.441060+00:00
265489,Town of Webster,15408,15029,379,ambiguous,inferred_SWIS6_not_confirmed_by_Monroe_code_table,Parcels_Public.countysbl + swis,https://maps.monroecounty.gov/server/rest/services/Hosted/Parcels_Public/FeatureServer/0/query,2026-09-30T07:41:03.441060+00:00
265689,Town of Wheatland,1500,1485,15,inferred_from_prefix,inferred_SWIS6_not_confirmed_by_Monroe_code_table,Parcels_Public.countysbl + swis,https://maps.monroecounty.gov/server/rest/services/Hosted/Parcels_Public/FeatureServer/0/query,2026-09-30T07:41:03.441060+00:00
262401,Village of Brockport (Clarkson),5,3,2,inferred_from_prefix,inferred_SWIS6_not_confirmed_by_Monroe_code_table,Parcels_Public.countysbl + swis,https://maps.monroecounty.gov/server/rest/services/Hosted/Parcels_Public/FeatureServer/0/query,2026-09-30T07:41:03.441060+00:00
265201,Village of Brockport (Sweden),1744,1717,27,inferred_from_prefix,inferred_SWIS6_not_confirmed_by_Monroe_code_table,Parcels_Public.countysbl + swis,https://maps.monroecounty.gov/server/rest/services/Hosted/Parcels_Public/FeatureServer/0/query,2026-09-30T07:41:03.441060+00:00
264801,Village of Churchville,972,739,233,inferred_from_prefix,inferred_SWIS6_not_confirmed_by_Monroe_code_table,Parcels_Public.countysbl + swis,https://maps.monroecounty.gov/server/rest/services/Hosted/Parcels_Public/FeatureServer/0/query,2026-09-30T07:41:03.441060+00:00
265801,Village of East Rochester,2633,2429,204,inferred_from_prefix,inferred_SWIS6_not_confirmed_by_Monroe_code_table,Parcels_Public.countysbl + swis,https://maps.monroecounty.gov/server/rest/services/Hosted/Parcels_Public/FeatureServer/0/query,2026-09-30T07:41:03.441060+00:00
264403,Village of Fairport,2178,2095,83,inferred_from_prefix,inferred_SWIS6_not_confirmed_by_Monroe_code_table,Parcels_Public.countysbl + swis,https://maps.monroecounty.gov/server/rest/services/Hosted/Parcels_Public/FeatureServer/0/query,2026-09-30T07:41:03.441060+00:00
264001,Village of Hilton,1952,1845,107,inferred_from_prefix,inferred_SWIS6_not_confirmed_by_Monroe_code_table,Parcels_Public.countysbl + swis,https://maps.monroecounty.gov/server/rest/services/Hosted/Parcels_Public/FeatureServer/0/query,2026-09-30T07:41:03.441060+00:00
263601,Village of Honeoye Falls,1133,1057,76,inferred_from_prefix,inferred_SWIS6_not_confirmed_by_Monroe_code_table,Parcels_Public.countysbl + swis,https://maps.monroecounty.gov/server/rest/services/Hosted/Parcels_Public/FeatureServer/0/query,2026-09-30T07:41:03.441060+00:00
264601,Village of Pittsford,691,664,27,inferred_from_prefix,inferred_SWIS6_not_confirmed_by_Monroe_code_table,Parcels_Public.countysbl + swis,https://maps.monroecounty.gov/server/rest/services/Hosted/Parcels_Public/FeatureServer/0/query,2026-09-30T07:41:03.441060+00:00
265601,Village of Scottsville,801,801,0,inferred_from_prefix,inferred_SWIS6_not_confirmed_by_Monroe_code_table,Parcels_Public.countysbl + swis,https://maps.monroecounty.gov/server/rest/services/Hosted/Parcels_Public/FeatureServer/0/query,2026-09-30T07:41:03.441060+00:00
263801,Village of Spencerport,1354,1322,32,inferred_from_prefix,inferred_SWIS6_not_confirmed_by_Monroe_code_table,Parcels_Public.countysbl + swis,https://maps.monroecounty.gov/server/rest/services/Hosted/Parcels_Public/FeatureServer/0/query,2026-09-30T07:41:03.441060+00:00
265401,Village of Webster,1511,1507,4,inferred_from_prefix,inferred_SWIS6_not_confirmed_by_Monroe_code_table,Parcels_Public.countysbl + swis,https://maps.monroecounty.gov/server/rest/services/Hosted/Parcels_Public/FeatureServer/0/query,2026-09-30T07:41:03.441060+00:00
